Item_Weight,Item_Fat_Content,Item_Visibility,Item_Type,Item_MRP,Outlet_Establishment_Year,Outlet_Size,Outlet_Location_Type,Outlet_Type,Item_Outlet_Sales
13.99,Non-Edible,0.0146,Household,44.79,1997,Medium,Tier 2,Grocery Store,2001.5
11.45,Low Fat,0.168,Snack Foods,160.87,1997,High,Tier 3,Grocery Store,1777.24
14.59,Non-Edible,0.0619,Dairy,192.55,1985,High,Tier 3,Supermarket Type1,1975.65
18.09,Low Fat,0.1084,Dairy,37.14,1985,High,Tier 3,Grocery Store,712.03
11.06,Non-Edible,0.0668,Snack Foods,174.92,2004,Medium,Tier 3,Supermarket Type2,3954.53
11.06,Non-Edible,0.1887,Fruits and Vegetables,147.1,2004,Medium,Tier 3,Grocery Store,2325.08
18.32,Regular,0.0593,Household,52.72,1985,Medium,Tier 3,Grocery Store,1364.85
15.07,Low Fat,0.0916,Household,67.96,2009,Small,Tier 1,Grocery Store,1525.71
10.12,Regular,0.1758,Dairy,154.95,1997,Medium,Tier 3,Grocery Store,1575.11
14.17,Low Fat,0.17,Household,95.2,2004,Small,Tier 2,Grocery Store,1516.87
10.15,Non-Edible,0.0454,Snack Foods,236.43,1997,Small,Tier 2,Supermarket Type1,3073.75
10.14,Non-Edible,0.1625,Fruits and Vegetables,210.12,2010,Medium,Tier 2,Supermarket Type2,3542.78
12.97,Low Fat,0.0971,Snack Foods,246.38,1985,Medium,Tier 3,Supermarket Type1,3161.37
4.35,Regular,0.1018,Canned,87.13,2009,Medium,Tier 2,Supermarket Type2,874.31
5.1,Regular,0.0354,Dairy,243.34,2010,Small,Tier 1,Supermarket Type2,2448.9
9.75,Regular,0.0253,Household,124.87,2010,High,Tier 3,Supermarket Type2,1808.26
7.95,Regular,0.1483,Canned,106.45,2010,Medium,Tier 2,Supermarket Type2,1491.95
13.26,Non-Edible,0.1043,Household,41.08,1985,Medium,Tier 1,Supermarket Type2,142.68
8.37,Non-Edible,0.093,Fruits and Vegetables,41.61,2004,Medium,Tier 1,Grocery Store,857.57
6.35,Non-Edible,0.1486,Fruits and Vegetables,182.24,1985,Small,Tier 2,Supermarket Type1,2332.04
17.86,Non-Edible,0.1554,Fruits and Vegetables,130.74,2004,Small,Tier 1,Supermarket Type1,2401.47
11.1,Non-Edible,0.0402,Household,79.83,2010,High,Tier 2,Grocery Store,1822.99
12.27,Regular,0.1259,Canned,165.07,2010,Medium,Tier 1,Supermarket Type2,2236.07
6.3,Regular,0.0357,Fruits and Vegetables,85.63,2009,Small,Tier 3,Supermarket Type1,645.2
9.82,Regular,0.1528,Canned,157.08,2004,High,Tier 3,Grocery Store,1585.27
12.44,Regular,0.1348,Household,109.03,2010,Medium,Tier 3,Grocery Store,2390.64
7.4,Non-Edible,0.1918,Canned,211.18,1997,Small,Tier 3,Supermarket Type1,2631.52
13.5,Non-Edible,0.0231,Household,210.55,2009,Medium,Tier 3,Supermarket Type1,3745.34
9.6,Non-Edible,0.0208,Household,135.02,1985,Medium,Tier 2,Supermarket Type2,2110.32
10.83,Low Fat,0.0636,Dairy,107.18,2009,Small,Tier 3,Supermarket Type2,1892.5
9.59,Regular,0.0597,Household,109.76,1997,Small,Tier 3,Supermarket Type1,1986.96
19.41,Regular,0.0569,Household,207.26,2004,Small,Tier 3,Supermarket Type2,2344.59
11.95,Non-Edible,0.1822,Snack Foods,102.2,1985,Medium,Tier 3,Grocery Store,1520.34
7.77,Regular,0.0574,Fruits and Vegetables,75.99,1985,Medium,Tier 1,Supermarket Type2,446.21
15.29,Regular,0.0617,Dairy,48.63,2004,High,Tier 3,Supermarket Type2,788.59
7.12,Non-Edible,0.1543,Dairy,132.67,2009,Medium,Tier 3,Grocery Store,1953.28
12.84,Low Fat,0.0955,Dairy,136.07,2010,Small,Tier 2,Supermarket Type2,1372.54
4.16,Low Fat,0.1576,Snack Foods,215.0,2009,Medium,Tier 1,Grocery Store,2822.4
6.69,Low Fat,0.0224,Household,78.67,1997,High,Tier 2,Supermarket Type2,354.05
12.79,Non-Edible,0.1026,Fruits and Vegetables,113.82,2010,High,Tier 3,Supermarket Type1,2180.45
14.95,Regular,0.0164,Canned,207.85,2009,Small,Tier 2,Supermarket Type2,2552.82
12.69,Non-Edible,0.0219,Household,211.2,2004,Small,Tier 2,Supermarket Type1,2346.17
11.54,Non-Edible,0.1822,Snack Foods,114.61,1997,High,Tier 3,Supermarket Type1,787.75
10.8,Regular,0.0365,Household,131.01,1997,High,Tier 1,Supermarket Type1,1539.28
6.09,Low Fat,0.1112,Household,96.72,1997,High,Tier 1,Supermarket Type1,262.07
9.12,Low Fat,0.0881,Snack Foods,235.16,2010,Small,Tier 2,Supermarket Type1,2712.89
10.16,Non-Edible,0.076,Dairy,56.1,1985,High,Tier 3,Grocery Store,1419.9
16.23,Low Fat,0.181,Dairy,235.42,2010,High,Tier 2,Grocery Store,2992.23
13.37,Non-Edible,0.0141,Fruits and Vegetables,180.45,2009,Small,Tier 2,Grocery Store,1926.5
4.95,Non-Edible,0.1361,Fruits and Vegetables,146.95,1985,Medium,Tier 2,Supermarket Type1,1878.76
13.3,Regular,0.193,Dairy,37.18,2009,Medium,Tier 3,Supermarket Type2,677.81
10.46,Regular,0.1164,Canned,134.63,1985,High,Tier 3,Grocery Store,2761.92
9.29,Regular,0.188,Household,119.7,2010,Medium,Tier 1,Supermarket Type2,1896.4
14.45,Non-Edible,0.0199,Canned,65.47,1997,Medium,Tier 3,Supermarket Type2,1306.12
16.12,Regular,0.0896,Household,174.41,2004,Medium,Tier 2,Supermarket Type1,2892.75
15.73,Low Fat,0.0594,Dairy,243.65,1997,Medium,Tier 2,Supermarket Type1,3226.81
8.64,Low Fat,0.1489,Fruits and Vegetables,153.68,2010,High,Tier 1,Supermarket Type1,1894.41
10.76,Non-Edible,0.1964,Fruits and Vegetables,187.25,1985,Medium,Tier 3,Grocery Store,3174.86
13.33,Non-Edible,0.0587,Canned,45.06,1997,Medium,Tier 2,Supermarket Type1,21.08
15.9,Regular,0.1343,Fruits and Vegetables,121.89,2010,Small,Tier 1,Grocery Store,2241.05
10.08,Non-Edible,0.0476,Dairy,55.6,2009,High,Tier 1,Grocery Store,835.01
11.26,Non-Edible,0.1174,Canned,164.82,2004,Small,Tier 2,Grocery Store,2021.79
7.57,Low Fat,0.0981,Household,236.47,1997,Small,Tier 2,Grocery Store,2675.16
7.22,Low Fat,0.1947,Fruits and Vegetables,175.59,1985,High,Tier 3,Supermarket Type1,2189.25
15.25,Regular,0.1256,Snack Foods,46.9,2009,Medium,Tier 1,Grocery Store,823.48
17.42,Non-Edible,0.0764,Fruits and Vegetables,108.03,2010,Small,Tier 2,Supermarket Type1,1481.15
11.71,Non-Edible,0.0317,Household,151.15,2004,High,Tier 1,Supermarket Type1,1749.23
16.01,Low Fat,0.0387,Canned,118.71,1985,Medium,Tier 3,Grocery Store,864.63
13.45,Non-Edible,0.0528,Household,213.4,2010,High,Tier 2,Supermarket Type1,2513.66
9.42,Low Fat,0.0577,Snack Foods,209.23,2010,Small,Tier 3,Supermarket Type2,2457.01
13.45,Regular,0.1716,Dairy,164.6,1997,Medium,Tier 1,Supermarket Type1,2244.6
18.15,Low Fat,0.1166,Fruits and Vegetables,112.16,1997,Medium,Tier 3,Supermarket Type1,2699.02
11.86,Non-Edible,0.1094,Canned,86.17,1985,High,Tier 3,Grocery Store,936.22
18.26,Regular,0.0318,Dairy,53.29,2010,Medium,Tier 1,Grocery Store,584.27
1.52,Low Fat,0.1734,Household,108.08,1997,Small,Tier 3,Supermarket Type1,811.6
15.29,Low Fat,0.1473,Canned,120.9,2004,Small,Tier 1,Grocery Store,1792.58
12.35,Regular,0.0229,Dairy,178.68,2004,Small,Tier 2,Supermarket Type2,2752.31
10.8,Regular,0.1445,Canned,174.8,2010,High,Tier 1,Supermarket Type2,2612.57
12.37,Low Fat,0.1133,Snack Foods,45.42,1997,Medium,Tier 1,Grocery Store,1176.91
4.05,Non-Edible,0.0255,Snack Foods,116.96,1985,Medium,Tier 2,Supermarket Type1,1975.67
11.12,Low Fat,0.0971,Fruits and Vegetables,69.99,1985,Medium,Tier 1,Supermarket Type2,902.47
13.43,Regular,0.1021,Fruits and Vegetables,64.5,1985,Small,Tier 2,Supermarket Type2,2058.85
17.91,Low Fat,0.0415,Snack Foods,212.01,2004,Medium,Tier 2,Supermarket Type1,2811.46
9.93,Regular,0.1897,Canned,39.22,1997,Small,Tier 1,Grocery Store,601.69
8.77,Regular,0.1715,Snack Foods,122.22,1997,Medium,Tier 3,Supermarket Type2,2181.96
9.99,Non-Edible,0.1371,Fruits and Vegetables,67.0,2004,Small,Tier 3,Supermarket Type1,1219.03
15.66,Regular,0.0978,Snack Foods,223.45,1985,Medium,Tier 2,Supermarket Type1,1890.02
13.32,Regular,0.0882,Snack Foods,152.55,1985,High,Tier 3,Supermarket Type2,2106.6
9.88,Non-Edible,0.1337,Canned,80.9,2010,High,Tier 3,Grocery Store,1534.7
14.05,Regular,0.1136,Dairy,140.53,2009,Small,Tier 1,Supermarket Type2,1281.3
12.39,Non-Edible,0.0218,Fruits and Vegetables,190.93,1997,Small,Tier 2,Supermarket Type1,2983.05
15.87,Non-Edible,0.1074,Canned,240.79,1997,Medium,Tier 2,Supermarket Type2,3410.36
9.19,Regular,0.1632,Snack Foods,78.5,1997,Medium,Tier 1,Grocery Store,1618.9
10.69,Regular,0.0973,Snack Foods,224.96,2009,High,Tier 3,Supermarket Type1,2550.86
10.43,Low Fat,0.0199,Dairy,235.55,2010,Medium,Tier 2,Grocery Store,3592.8
6.15,Non-Edible,0.1594,Fruits and Vegetables,231.61,2009,Small,Tier 3,Supermarket Type2,2873.77
13.18,Low Fat,0.0483,Fruits and Vegetables,169.79,1985,Small,Tier 2,Supermarket Type2,3230.63
13.04,Regular,0.0591,Household,168.56,1985,Small,Tier 2,Grocery Store,3711.29
12.02,Low Fat,0.0413,Fruits and Vegetables,118.71,1997,Small,Tier 2,Supermarket Type2,2477.65
11.06,Non-Edible,0.0727,Dairy,195.53,2004,Small,Tier 2,Grocery Store,2817.06
6.34,Low Fat,0.1538,Household,146.88,1997,High,Tier 3,Supermarket Type2,2944.59
10.32,Non-Edible,0.1087,Household,179.04,2004,High,Tier 3,Grocery Store,2624.23
10.63,Regular,0.0489,Snack Foods,124.26,2009,Small,Tier 3,Grocery Store,1276.76
8.79,Regular,0.1768,Snack Foods,190.93,1985,Medium,Tier 3,Supermarket Type1,2337.23
11.35,Non-Edible,0.1771,Fruits and Vegetables,211.38,2004,Small,Tier 1,Supermarket Type1,3051.86
13.62,Regular,0.1754,Household,62.22,2009,High,Tier 2,Grocery Store,1349.55
19.54,Regular,0.0554,Snack Foods,213.24,1985,Small,Tier 2,Supermarket Type2,2470.51
12.7,Regular,0.0957,Dairy,148.87,2004,High,Tier 2,Supermarket Type2,1488.69
13.03,Regular,0.1971,Snack Foods,215.83,1997,High,Tier 1,Supermarket Type2,2578.69
11.7,Non-Edible,0.1567,Snack Foods,124.89,1997,Small,Tier 3,Grocery Store,1926.28
4.32,Low Fat,0.0152,Household,113.39,1997,Small,Tier 2,Grocery Store,1796.82
11.89,Low Fat,0.0224,Household,231.31,2009,Medium,Tier 3,Grocery Store,3150.81
12.24,Regular,0.0981,Canned,85.26,1997,High,Tier 3,Grocery Store,837.44
21.85,Low Fat,0.1828,Dairy,215.73,2010,Medium,Tier 1,Supermarket Type1,3865.7
11.23,Low Fat,0.1124,Household,136.48,1985,Small,Tier 1,Grocery Store,1294.36
13.21,Regular,0.1046,Fruits and Vegetables,143.1,2009,High,Tier 3,Supermarket Type2,2621.8
11.86,Regular,0.03,Dairy,97.86,1997,Medium,Tier 2,Supermarket Type1,1833.81
7.33,Low Fat,0.1348,Dairy,156.07,1985,Medium,Tier 2,Supermarket Type2,2580.29
16.57,Non-Edible,0.1662,Household,101.55,2004,Medium,Tier 1,Grocery Store,1275.8
15.01,Regular,0.0823,Dairy,38.64,1997,Small,Tier 1,Supermarket Type1,711.34
15.16,Non-Edible,0.1574,Household,89.84,1985,Small,Tier 1,Grocery Store,1355.77
8.36,Low Fat,0.1933,Snack Foods,31.4,2010,Small,Tier 1,Supermarket Type1,169.24
17.61,Regular,0.0487,Canned,245.24,2004,High,Tier 1,Supermarket Type2,3486.53
6.39,Non-Edible,0.1094,Snack Foods,242.46,2010,Small,Tier 1,Grocery Store,3770.59
14.35,Regular,0.0646,Household,116.93,1985,High,Tier 1,Grocery Store,1077.36
20.76,Low Fat,0.1606,Household,190.24,2010,Medium,Tier 2,Supermarket Type1,2354.79
8.04,Non-Edible,0.1197,Snack Foods,106.08,1985,Medium,Tier 1,Supermarket Type1,989.14
9.73,Low Fat,0.1306,Fruits and Vegetables,177.64,1985,Small,Tier 1,Grocery Store,2220.81
12.4,Low Fat,0.1616,Fruits and Vegetables,207.19,2010,Medium,Tier 2,Supermarket Type1,2596.25
9.99,Regular,0.0852,Fruits and Vegetables,238.29,1985,Small,Tier 2,Grocery Store,3437.0
5.8,Non-Edible,0.1839,Household,118.05,1997,High,Tier 3,Supermarket Type1,1409.23
12.27,Low Fat,0.1113,Dairy,202.33,1985,Medium,Tier 1,Supermarket Type2,2803.76
7.75,Low Fat,0.04,Household,88.5,2009,Small,Tier 1,Supermarket Type1,1431.48
13.89,Non-Edible,0.1422,Dairy,247.87,1985,Medium,Tier 1,Supermarket Type2,3335.75
8.32,Low Fat,0.1607,Snack Foods,35.67,2009,Medium,Tier 1,Supermarket Type1,842.06
18.2,Low Fat,0.0702,Canned,162.78,1985,Small,Tier 3,Supermarket Type1,2313.74
8.87,Non-Edible,0.1729,Dairy,175.09,1985,Medium,Tier 2,Grocery Store,2995.3
10.71,Non-Edible,0.1822,Fruits and Vegetables,181.37,2010,Medium,Tier 2,Supermarket Type1,3558.24
15.25,Non-Edible,0.0626,Household,56.49,1997,Medium,Tier 1,Supermarket Type1,1376.87
7.08,Non-Edible,0.1969,Snack Foods,236.48,1997,Medium,Tier 1,Supermarket Type2,2953.88
12.91,Regular,0.0367,Fruits and Vegetables,69.86,2004,High,Tier 1,Supermarket Type1,1460.69
17.23,Non-Edible,0.0484,Snack Foods,167.01,2010,Medium,Tier 3,Grocery Store,1871.32
5.57,Regular,0.045,Canned,78.99,2010,Medium,Tier 3,Supermarket Type2,1144.73
12.74,Regular,0.1799,Household,97.59,1997,Small,Tier 2,Grocery Store,969.01
13.04,Regular,0.1343,Household,150.22,2010,High,Tier 1,Grocery Store,2277.15
15.13,Low Fat,0.0389,Canned,121.78,1997,Small,Tier 1,Grocery Store,1467.47
7.05,Regular,0.0937,Household,65.25,2010,Small,Tier 1,Grocery Store,707.49
6.72,Regular,0.1269,Dairy,67.61,1985,Small,Tier 1,Supermarket Type2,-69.66
14.09,Low Fat,0.0259,Snack Foods,121.99,1997,High,Tier 3,Supermarket Type1,1231.87
13.19,Low Fat,0.1777,Fruits and Vegetables,196.6,1997,Small,Tier 2,Grocery Store,2718.83
13.0,Low Fat,0.1627,Canned,227.55,2009,Small,Tier 2,Supermarket Type2,2489.69
13.39,Non-Edible,0.106,Dairy,48.51,2010,Small,Tier 3,Grocery Store,1366.61
9.28,Low Fat,0.1938,Fruits and Vegetables,116.48,2010,Medium,Tier 1,Supermarket Type1,979.25
12.93,Low Fat,0.0894,Fruits and Vegetables,52.05,1997,Small,Tier 2,Supermarket Type2,1108.34
13.17,Regular,0.197,Canned,33.65,1985,High,Tier 2,Supermarket Type2,177.95
9.14,Low Fat,0.1369,Dairy,175.58,1985,High,Tier 3,Supermarket Type1,2413.94
19.46,Non-Edible,0.1306,Fruits and Vegetables,162.54,1985,Medium,Tier 1,Supermarket Type2,1577.76
13.9,Low Fat,0.0415,Fruits and Vegetables,65.86,2010,High,Tier 2,Supermarket Type1,895.18
7.23,Non-Edible,0.1776,Dairy,81.44,2009,High,Tier 1,Supermarket Type2,572.67
14.63,Low Fat,0.0912,Household,35.22,1997,Medium,Tier 2,Supermarket Type2,1164.07
8.1,Low Fat,0.0408,Fruits and Vegetables,213.69,2004,Small,Tier 3,Supermarket Type1,2979.77
15.15,Low Fat,0.0124,Snack Foods,244.43,2009,Medium,Tier 1,Supermarket Type1,2718.67
16.63,Low Fat,0.1164,Dairy,59.8,2004,Small,Tier 3,Supermarket Type2,944.96
8.72,Non-Edible,0.1102,Fruits and Vegetables,80.92,2009,Small,Tier 2,Supermarket Type2,710.42
15.85,Non-Edible,0.1467,Canned,221.05,1985,High,Tier 3,Supermarket Type1,3412.82
13.65,Regular,0.1791,Snack Foods,233.82,2010,Medium,Tier 3,Supermarket Type1,3636.3
15.29,Non-Edible,0.0251,Fruits and Vegetables,122.32,2004,High,Tier 3,Supermarket Type2,1134.39
19.59,Low Fat,0.149,Snack Foods,41.14,2009,High,Tier 2,Supermarket Type2,1281.35
11.02,Regular,0.0456,Snack Foods,38.67,2010,Small,Tier 1,Supermarket Type2,301.87
8.99,Regular,0.1731,Household,156.27,2004,High,Tier 3,Supermarket Type1,1821.97
8.44,Regular,0.1656,Snack Foods,116.44,1997,Medium,Tier 1,Supermarket Type2,1477.67
8.74,Low Fat,0.1128,Household,36.3,2009,High,Tier 2,Grocery Store,1465.38
11.69,Non-Edible,0.1449,Dairy,158.32,1997,High,Tier 1,Supermarket Type1,1571.27
13.36,Low Fat,0.0697,Household,32.49,1985,Small,Tier 3,Supermarket Type2,1094.64
13.11,Regular,0.0995,Canned,203.22,1997,Medium,Tier 3,Supermarket Type1,2111.44
15.31,Low Fat,0.1661,Fruits and Vegetables,97.42,1997,High,Tier 3,Grocery Store,794.54
12.05,Low Fat,0.0973,Dairy,38.86,2009,Small,Tier 3,Supermarket Type1,705.75
17.81,Non-Edible,0.078,Dairy,159.44,1985,High,Tier 3,Supermarket Type2,2327.36
10.94,Non-Edible,0.1039,Canned,117.49,1997,Medium,Tier 3,Grocery Store,186.28
22.88,Regular,0.1674,Household,244.24,2010,High,Tier 2,Grocery Store,3963.24
14.5,Low Fat,0.0737,Fruits and Vegetables,149.72,2004,High,Tier 2,Supermarket Type2,1046.05
8.57,Low Fat,0.043,Household,90.55,1997,Small,Tier 2,Supermarket Type2,1202.8
7.72,Non-Edible,0.1453,Snack Foods,186.08,1985,High,Tier 1,Supermarket Type2,2965.28
13.93,Low Fat,0.1669,Household,89.73,1997,Small,Tier 1,Supermarket Type1,2389.27
11.11,Low Fat,0.0291,Dairy,228.93,2004,Medium,Tier 2,Supermarket Type1,2842.5
14.86,Low Fat,0.0556,Fruits and Vegetables,112.44,1985,High,Tier 1,Supermarket Type1,977.79
13.89,Non-Edible,0.037,Household,150.97,2009,Medium,Tier 1,Supermarket Type2,2796.4
11.71,Regular,0.0761,Fruits and Vegetables,41.13,1985,Medium,Tier 3,Supermarket Type2,1163.59
8.61,Regular,0.0956,Fruits and Vegetables,123.75,2009,High,Tier 3,Supermarket Type1,1379.62
5.94,Low Fat,0.1523,Snack Foods,213.12,1985,Small,Tier 1,Grocery Store,2264.91
10.21,Regular,0.1337,Snack Foods,207.24,2004,Medium,Tier 1,Supermarket Type1,2275.52
15.43,Non-Edible,0.128,Dairy,79.35,2004,Medium,Tier 2,Grocery Store,1066.19
12.86,Non-Edible,0.077,Canned,79.74,1985,High,Tier 1,Supermarket Type2,1383.8
7.02,Regular,0.1699,Fruits and Vegetables,209.81,1997,High,Tier 3,Supermarket Type2,2261.05
12.69,Regular,0.0995,Canned,234.69,2004,High,Tier 1,Supermarket Type1,2845.27
13.54,Low Fat,0.196,Dairy,50.98,2009,High,Tier 2,Supermarket Type1,1099.11
8.46,Regular,0.1305,Fruits and Vegetables,129.01,2009,High,Tier 3,Supermarket Type2,907.37
12.61,Low Fat,0.034,Fruits and Vegetables,104.24,2010,High,Tier 3,Supermarket Type1,1369.24
12.23,Low Fat,0.1385,Canned,221.55,2009,Small,Tier 3,Supermarket Type2,2017.58
7.43,Non-Edible,0.0718,Household,48.38,2010,Medium,Tier 3,Supermarket Type2,762.91
13.43,Non-Edible,0.1404,Snack Foods,76.45,1985,Small,Tier 1,Grocery Store,168.21
14.24,Non-Edible,0.0232,Household,195.54,1985,Small,Tier 2,Supermarket Type1,3156.08
16.33,Non-Edible,0.0432,Canned,41.28,1985,High,Tier 1,Supermarket Type2,231.38
16.22,Regular,0.1726,Snack Foods,138.36,1997,Medium,Tier 1,Supermarket Type1,1039.38
6.49,Non-Edible,0.0532,Household,127.26,1997,Small,Tier 3,Grocery Store,1470.56
8.25,Regular,0.169,Snack Foods,103.57,2010,High,Tier 2,Grocery Store,2153.63
14.06,Non-Edible,0.0631,Fruits and Vegetables,116.81,2009,High,Tier 3,Supermarket Type1,2073.7
14.06,Regular,0.1321,Household,146.59,2009,Medium,Tier 1,Supermarket Type1,1046.64
14.06,Low Fat,0.1419,Snack Foods,65.5,1985,Small,Tier 1,Supermarket Type2,349.73
27.41,Regular,0.1074,Snack Foods,155.84,2004,Small,Tier 3,Grocery Store,2301.48
14.28,Regular,0.068,Snack Foods,207.2,1997,Small,Tier 1,Grocery Store,3926.95
16.54,Non-Edible,0.0504,Household,197.24,1997,High,Tier 1,Grocery Store,2296.1
15.82,Regular,0.0163,Dairy,63.86,1985,Medium,Tier 3,Supermarket Type1,708.55
14.61,Low Fat,0.0677,Household,62.83,1997,Medium,Tier 1,Supermarket Type2,1841.69
10.74,Low Fat,0.1341,Canned,89.0,1985,Small,Tier 2,Supermarket Type1,1321.22
15.04,Non-Edible,0.1883,Household,109.44,2010,High,Tier 3,Supermarket Type1,2056.73
8.91,Low Fat,0.1755,Snack Foods,119.86,2009,Small,Tier 2,Supermarket Type1,1141.8
11.05,Regular,0.1556,Fruits and Vegetables,179.53,2004,Medium,Tier 1,Supermarket Type2,2250.1
10.06,Low Fat,0.1598,Household,42.47,2009,High,Tier 1,Supermarket Type1,1277.35
12.33,Non-Edible,0.1363,Household,37.63,2009,Small,Tier 3,Grocery Store,572.74
21.26,Regular,0.0595,Snack Foods,116.22,2010,Small,Tier 1,Grocery Store,2467.79
4.53,Non-Edible,0.1824,Fruits and Vegetables,183.38,1997,High,Tier 3,Grocery Store,2340.57
14.75,Regular,0.1374,Fruits and Vegetables,72.56,2004,Medium,Tier 3,Supermarket Type2,609.38
5.55,Low Fat,0.1165,Canned,171.13,1997,High,Tier 3,Supermarket Type1,2084.28
10.11,Non-Edible,0.0311,Household,87.16,2009,Small,Tier 3,Supermarket Type2,1778.53
16.36,Non-Edible,0.0949,Fruits and Vegetables,224.94,1985,Small,Tier 3,Supermarket Type1,3384.63
12.26,Regular,0.0975,Fruits and Vegetables,227.05,2009,Small,Tier 2,Grocery Store,2943.47
7.69,Non-Edible,0.1743,Dairy,95.4,1997,Small,Tier 3,Supermarket Type1,233.61
9.14,Regular,0.1139,Dairy,80.6,2009,Medium,Tier 2,Supermarket Type1,202.21
14.72,Regular,0.0823,Fruits and Vegetables,120.49,1985,Medium,Tier 1,Supermarket Type1,969.15
9.08,Regular,0.1956,Canned,82.92,2010,Small,Tier 3,Supermarket Type2,789.63
12.87,Regular,0.031,Fruits and Vegetables,177.92,1997,Medium,Tier 1,Supermarket Type1,2266.02
12.18,Low Fat,0.0903,Snack Foods,211.73,2009,Medium,Tier 3,Supermarket Type1,2046.43
9.39,Regular,0.018,Household,178.08,1997,Medium,Tier 2,Supermarket Type1,2888.12
20.58,Non-Edible,0.1506,Canned,211.36,2010,Small,Tier 2,Supermarket Type2,2311.1
14.54,Low Fat,0.1844,Snack Foods,117.34,2009,High,Tier 2,Supermarket Type2,930.69
3.9,Non-Edible,0.0632,Canned,64.39,2009,High,Tier 1,Supermarket Type2,860.29
12.75,Low Fat,0.1731,Snack Foods,192.35,1997,High,Tier 3,Supermarket Type1,2970.04
9.35,Regular,0.0655,Household,109.3,1997,Small,Tier 1,Grocery Store,2527.3
15.41,Low Fat,0.183,Household,177.68,1985,Medium,Tier 2,Grocery Store,2658.57
8.83,Low Fat,0.1533,Dairy,89.54,2010,Medium,Tier 1,Grocery Store,1950.14
11.54,Non-Edible,0.1629,Snack Foods,47.87,1985,Small,Tier 2,Supermarket Type1,114.84
14.02,Non-Edible,0.0134,Dairy,248.37,2009,Small,Tier 2,Grocery Store,4431.2
15.46,Regular,0.1929,Snack Foods,64.36,1997,High,Tier 2,Grocery Store,63.09
7.2,Low Fat,0.1481,Dairy,247.45,2009,High,Tier 3,Grocery Store,2772.09
10.66,Low Fat,0.0679,Household,245.0,2009,Small,Tier 3,Supermarket Type1,3447.13
10.1,Low Fat,0.1676,Canned,204.64,2004,High,Tier 2,Grocery Store,1763.46
9.39,Regular,0.0635,Dairy,175.07,2004,Medium,Tier 1,Grocery Store,1831.59
19.06,Regular,0.1758,Snack Foods,157.12,2009,Small,Tier 1,Supermarket Type1,1681.06
13.62,Regular,0.0314,Snack Foods,220.54,1997,Small,Tier 3,Supermarket Type2,2832.37
6.96,Regular,0.1437,Household,93.68,2009,Medium,Tier 2,Grocery Store,1880.71
15.67,Regular,0.1127,Snack Foods,132.89,2004,Medium,Tier 1,Supermarket Type2,1913.45
20.49,Non-Edible,0.0283,Fruits and Vegetables,166.27,1997,Medium,Tier 2,Grocery Store,2288.27
16.13,Low Fat,0.056,Canned,120.46,2009,High,Tier 1,Supermarket Type1,382.11
5.92,Low Fat,0.0124,Dairy,124.05,2010,Small,Tier 3,Supermarket Type2,1872.7
10.06,Low Fat,0.0991,Canned,102.66,2010,High,Tier 2,Supermarket Type2,1800.2
17.07,Low Fat,0.0672,Household,154.13,2009,Medium,Tier 2,Supermarket Type2,1393.63
9.17,Low Fat,0.1237,Dairy,217.13,1997,High,Tier 1,Supermarket Type2,2702.17
13.78,Low Fat,0.0665,Dairy,74.34,2009,Medium,Tier 1,Grocery Store,1292.22
15.1,Low Fat,0.067,Fruits and Vegetables,235.58,2009,High,Tier 1,Grocery Store,3654.73
8.29,Low Fat,0.1512,Household,181.6,2004,High,Tier 2,Supermarket Type2,1894.4
11.76,Non-Edible,0.0191,Snack Foods,211.12,2010,Medium,Tier 3,Grocery Store,2399.13
-0.97,Low Fat,0.1816,Fruits and Vegetables,152.36,2004,High,Tier 3,Supermarket Type2,1399.45
7.9,Non-Edible,0.1719,Fruits and Vegetables,201.49,2004,Small,Tier 1,Supermarket Type2,3107.49
10.99,Regular,0.1369,Canned,33.56,2009,High,Tier 3,Supermarket Type1,1081.79
7.01,Low Fat,0.1227,Canned,210.04,2004,High,Tier 1,Supermarket Type2,2583.09
18.53,Regular,0.1795,Canned,38.83,2010,Small,Tier 3,Grocery Store,1291.34
6.28,Regular,0.0452,Fruits and Vegetables,225.78,2004,Medium,Tier 2,Supermarket Type2,1657.06
10.24,Regular,0.025,Snack Foods,248.23,2010,Small,Tier 1,Supermarket Type1,3633.25
12.52,Non-Edible,0.0555,Dairy,94.69,2004,High,Tier 3,Grocery Store,858.9
17.77,Regular,0.161,Canned,76.27,2010,Medium,Tier 2,Supermarket Type1,2114.19
6.26,Regular,0.0166,Snack Foods,198.38,2004,High,Tier 3,Supermarket Type1,2007.33
16.65,Regular,0.1207,Household,85.67,2004,High,Tier 2,Supermarket Type2,928.0
12.04,Low Fat,0.1991,Canned,220.42,1997,Small,Tier 2,Supermarket Type1,3057.49
8.07,Low Fat,0.1726,Dairy,52.63,2010,Small,Tier 3,Supermarket Type1,1005.61
13.85,Non-Edible,0.1091,Household,57.71,2010,Medium,Tier 3,Grocery Store,731.51
12.8,Non-Edible,0.0221,Household,245.41,2010,Medium,Tier 2,Supermarket Type1,3460.21
9.6,Low Fat,0.168,Dairy,178.24,1985,Medium,Tier 2,Supermarket Type2,2482.07
12.28,Non-Edible,0.1238,Canned,216.32,2004,High,Tier 2,Supermarket Type2,3005.14
10.46,Low Fat,0.0318,Fruits and Vegetables,101.35,2010,Small,Tier 1,Supermarket Type2,1265.09
12.45,Regular,0.0278,Dairy,178.83,1985,Small,Tier 2,Supermarket Type1,2710.16
14.65,Regular,0.1828,Dairy,160.73,1997,Small,Tier 1,Grocery Store,2846.3
18.34,Non-Edible,0.1371,Dairy,162.69,2010,Medium,Tier 2,Supermarket Type2,1697.9
7.05,Low Fat,0.1676,Household,180.16,2010,Small,Tier 1,Supermarket Type1,1770.0
20.53,Low Fat,0.177,Snack Foods,156.58,1985,Small,Tier 2,Supermarket Type2,2269.08
4.19,Non-Edible,0.1186,Fruits and Vegetables,124.39,2004,Small,Tier 2,Supermarket Type2,963.06
11.39,Low Fat,0.1083,Canned,90.7,1997,Medium,Tier 2,Grocery Store,385.64
14.35,Regular,0.0918,Canned,199.09,2010,Small,Tier 3,Supermarket Type2,3234.72
13.12,Non-Edible,0.0702,Snack Foods,79.78,2004,Medium,Tier 3,Grocery Store,125.58
9.51,Non-Edible,0.0926,Dairy,182.32,1997,Small,Tier 2,Supermarket Type1,2155.34
11.17,Low Fat,0.157,Fruits and Vegetables,81.33,2009,Small,Tier 1,Supermarket Type2,1499.4
10.03,Non-Edible,0.1244,Canned,167.57,2009,Small,Tier 1,Supermarket Type1,2294.27
9.64,Low Fat,0.1796,Canned,194.36,1997,Medium,Tier 2,Supermarket Type1,2224.38
15.4,Low Fat,0.0942,Dairy,78.12,1985,Medium,Tier 3,Supermarket Type1,707.95
13.43,Low Fat,0.1253,Snack Foods,43.19,1997,Small,Tier 1,Supermarket Type2,924.34
9.23,Low Fat,0.1299,Fruits and Vegetables,58.81,1997,High,Tier 3,Grocery Store,329.95
15.6,Low Fat,0.1224,Snack Foods,163.32,1985,Medium,Tier 1,Supermarket Type2,2392.96
13.23,Non-Edible,0.1435,Snack Foods,216.88,1985,Medium,Tier 2,Supermarket Type1,2891.38
15.25,Regular,0.0551,Fruits and Vegetables,39.9,2004,Small,Tier 3,Grocery Store,906.95
14.52,Regular,0.1073,Fruits and Vegetables,191.51,2004,High,Tier 1,Supermarket Type1,2265.73
8.68,Non-Edible,0.0298,Canned,105.09,1985,Small,Tier 2,Grocery Store,2484.53
9.76,Non-Edible,0.0831,Canned,135.28,2009,Medium,Tier 2,Supermarket Type2,1985.21
14.99,Regular,0.1027,Fruits and Vegetables,234.35,2009,Medium,Tier 2,Grocery Store,2979.64
14.44,Regular,0.1339,Household,103.03,1997,Small,Tier 3,Supermarket Type2,1623.58
11.92,Regular,0.1906,Canned,132.37,2010,Small,Tier 3,Supermarket Type1,1333.82
12.47,Regular,0.1241,Household,33.01,1997,High,Tier 2,Grocery Store,412.29
17.11,Regular,0.1513,Fruits and Vegetables,47.95,1997,High,Tier 3,Supermarket Type1,2077.66
9.63,Low Fat,0.1062,Canned,86.89,2010,Medium,Tier 1,Grocery Store,813.02
14.19,Non-Edible,0.1305,Snack Foods,36.13,1985,High,Tier 2,Supermarket Type2,643.52
11.19,Low Fat,0.0235,Fruits and Vegetables,168.9,2009,High,Tier 2,Grocery Store,2080.66
11.13,Regular,0.0583,Dairy,123.81,1997,Medium,Tier 3,Grocery Store,1209.41
16.4,Regular,0.0788,Household,150.59,2010,Medium,Tier 2,Supermarket Type2,2382.11
15.3,Regular,0.0998,Fruits and Vegetables,68.42,2004,Medium,Tier 1,Supermarket Type2,1149.81
15.25,Low Fat,0.0187,Fruits and Vegetables,95.11,1997,Medium,Tier 3,Supermarket Type2,1988.33
17.22,Low Fat,0.0366,Canned,176.04,2009,Small,Tier 3,Grocery Store,2947.42
12.08,Regular,0.0626,Canned,242.37,1985,Medium,Tier 2,Supermarket Type1,3628.58
14.73,Low Fat,0.1946,Canned,41.09,1997,Medium,Tier 2,Grocery Store,233.32
10.76,Low Fat,0.073,Dairy,225.88,1997,Medium,Tier 2,Grocery Store,3254.55
13.3,Regular,0.1016,Canned,156.91,2010,High,Tier 3,Supermarket Type1,2475.0
11.48,Low Fat,0.0473,Fruits and Vegetables,154.06,2004,Medium,Tier 2,Supermarket Type2,1603.36
12.39,Non-Edible,0.126,Canned,140.06,2004,Small,Tier 1,Grocery Store,1731.48
14.38,Non-Edible,0.0633,Snack Foods,45.27,1985,Small,Tier 2,Supermarket Type1,136.7
8.73,Non-Edible,0.0493,Canned,49.77,2009,Medium,Tier 2,Supermarket Type2,1117.36
20.37,Non-Edible,0.1081,Dairy,162.2,1985,Small,Tier 3,Supermarket Type2,2720.29
7.98,Regular,0.011,Snack Foods,105.01,1997,High,Tier 2,Grocery Store,2181.41
7.14,Regular,0.0115,Fruits and Vegetables,231.8,1997,Medium,Tier 3,Supermarket Type2,2856.11
16.63,Regular,0.0516,Fruits and Vegetables,119.45,2004,Small,Tier 2,Supermarket Type2,2055.55
15.17,Non-Edible,0.017,Household,61.52,2009,Small,Tier 1,Supermarket Type1,1621.67
14.5,Non-Edible,0.0305,Snack Foods,187.24,2010,Medium,Tier 1,Supermarket Type1,2233.78
14.51,Low Fat,0.0744,Household,94.54,2009,Small,Tier 3,Supermarket Type2,997.57
11.95,Low Fat,0.1625,Snack Foods,145.6,1997,Medium,Tier 3,Supermarket Type1,1547.86
8.41,Non-Edible,0.1187,Snack Foods,183.52,2010,Small,Tier 2,Supermarket Type2,2140.96
12.3,Non-Edible,0.1074,Dairy,228.06,2009,High,Tier 2,Grocery Store,2531.64
9.29,Non-Edible,0.0658,Household,204.28,2009,Small,Tier 1,Supermarket Type1,2302.06
15.9,Non-Edible,0.187,Dairy,178.8,2010,Small,Tier 2,Supermarket Type2,2830.29
11.41,Low Fat,0.0854,Snack Foods,179.52,1997,Medium,Tier 1,Supermarket Type2,2332.41
8.7,Non-Edible,0.0265,Fruits and Vegetables,238.1,2009,Small,Tier 3,Supermarket Type1,3226.27
10.71,Low Fat,0.1272,Snack Foods,95.08,2010,Medium,Tier 2,Supermarket Type1,1027.74
13.65,Non-Edible,0.0316,Dairy,30.24,1997,High,Tier 3,Grocery Store,387.81
9.75,Non-Edible,0.0756,Household,89.83,2010,Medium,Tier 2,Supermarket Type2,1408.69
8.71,Non-Edible,0.1064,Household,77.94,2010,Medium,Tier 1,Grocery Store,1127.25
12.97,Low Fat,0.1761,Dairy,175.6,2009,Small,Tier 3,Grocery Store,2673.19
12.98,Low Fat,0.1038,Household,169.42,1997,High,Tier 3,Grocery Store,2933.12
9.97,Regular,0.1434,Canned,160.56,2009,Medium,Tier 2,Supermarket Type1,1710.18
10.12,Non-Edible,0.1986,Fruits and Vegetables,33.57,1985,Small,Tier 3,Grocery Store,905.72
12.93,Regular,0.035,Fruits and Vegetables,190.33,1985,Small,Tier 1,Supermarket Type1,2061.75
6.21,Regular,0.0622,Fruits and Vegetables,101.18,1997,Medium,Tier 3,Supermarket Type1,2358.67
6.37,Low Fat,0.085,Household,176.31,2010,Small,Tier 3,Grocery Store,1815.01
9.13,Low Fat,0.0901,Household,152.45,2009,Medium,Tier 2,Grocery Store,2334.46
11.15,Regular,0.0881,Snack Foods,105.4,2009,Medium,Tier 3,Supermarket Type2,934.59
13.24,Non-Edible,0.1824,Snack Foods,59.61,1997,Medium,Tier 2,Grocery Store,811.98
17.9,Low Fat,0.1457,Fruits and Vegetables,50.77,1997,High,Tier 2,Supermarket Type2,1715.17
15.43,Non-Edible,0.1255,Canned,212.93,1985,Medium,Tier 3,Grocery Store,2441.05
11.36,Non-Edible,0.0688,Snack Foods,232.05,2004,Small,Tier 1,Grocery Store,4130.65
11.92,Regular,0.1665,Snack Foods,172.95,1997,High,Tier 2,Grocery Store,2231.29
7.99,Regular,0.1915,Household,52.76,2004,Small,Tier 3,Grocery Store,1144.52
11.93,Regular,0.166,Canned,118.45,1997,High,Tier 2,Supermarket Type2,1779.73
10.85,Regular,0.0103,Fruits and Vegetables,190.37,2010,High,Tier 1,Supermarket Type2,2799.98
13.29,Low Fat,0.1309,Snack Foods,201.56,2010,High,Tier 1,Grocery Store,1937.54
8.69,Low Fat,0.0197,Canned,56.01,1985,High,Tier 2,Grocery Store,649.82
14.08,Regular,0.0589,Canned,30.01,1985,Small,Tier 1,Supermarket Type2,1275.35
18.13,Low Fat,0.0213,Fruits and Vegetables,186.67,2004,Medium,Tier 3,Supermarket Type1,2537.53
11.56,Regular,0.1247,Canned,108.45,1997,Small,Tier 3,Supermarket Type1,1558.68
13.61,Non-Edible,0.1405,Canned,85.99,2009,Medium,Tier 2,Supermarket Type1,483.8
14.76,Non-Edible,0.0318,Canned,32.84,1985,Small,Tier 1,Supermarket Type2,487.86
10.4,Non-Edible,0.0829,Snack Foods,148.87,2009,High,Tier 3,Supermarket Type2,2548.55
12.9,Regular,0.0967,Fruits and Vegetables,217.25,2009,High,Tier 3,Supermarket Type1,2222.08
12.05,Non-Edible,0.0801,Canned,240.68,1997,Medium,Tier 3,Supermarket Type1,3498.11
12.39,Low Fat,0.033,Canned,154.46,2004,Medium,Tier 2,Grocery Store,2246.12
8.91,Non-Edible,0.0896,Snack Foods,143.18,1997,Small,Tier 2,Supermarket Type2,1754.15
12.1,Non-Edible,0.1527,Fruits and Vegetables,48.71,1985,Medium,Tier 3,Supermarket Type2,616.13
13.99,Non-Edible,0.0235,Household,150.75,2009,Small,Tier 3,Supermarket Type1,1919.12
17.8,Low Fat,0.0252,Snack Foods,113.6,1997,Medium,Tier 1,Supermarket Type1,1615.92
15.84,Regular,0.0774,Fruits and Vegetables,163.57,1997,Medium,Tier 1,Supermarket Type2,2779.27
20.61,Low Fat,0.1889,Canned,115.52,1997,Medium,Tier 1,Grocery Store,1535.11
8.93,Regular,0.137,Fruits and Vegetables,82.87,1985,High,Tier 2,Supermarket Type1,2002.65
15.49,Regular,0.1389,Fruits and Vegetables,50.89,2004,High,Tier 3,Supermarket Type2,1036.16
12.73,Non-Edible,0.0788,Fruits and Vegetables,99.28,1997,Small,Tier 2,Supermarket Type2,1167.73
20.76,Regular,0.1228,Household,51.26,1985,Medium,Tier 3,Grocery Store,1533.92
8.77,Low Fat,0.0119,Fruits and Vegetables,68.92,2009,Small,Tier 1,Grocery Store,1363.62
8.64,Low Fat,0.1309,Household,247.21,2010,Medium,Tier 1,Supermarket Type1,2249.56
9.6,Regular,0.1835,Canned,127.7,1985,High,Tier 1,Supermarket Type1,1092.91
3.5,Non-Edible,0.1264,Household,147.01,2010,High,Tier 1,Supermarket Type1,1679.74
9.9,Non-Edible,0.176,Canned,222.2,1997,Medium,Tier 3,Supermarket Type2,1972.05
8.96,Low Fat,0.1476,Canned,249.03,1997,Medium,Tier 1,Supermarket Type1,4135.65
12.6,Non-Edible,0.0329,Household,158.2,1985,High,Tier 3,Supermarket Type2,2619.09
13.37,Regular,0.1815,Snack Foods,208.74,2010,High,Tier 3,Supermarket Type1,2681.94
19.5,Regular,0.0226,Dairy,101.93,1997,Small,Tier 2,Grocery Store,1552.84
15.8,Low Fat,0.1115,Fruits and Vegetables,97.26,2009,High,Tier 1,Grocery Store,1180.72
9.69,Regular,0.037,Dairy,118.59,2004,Medium,Tier 1,Supermarket Type2,667.3
8.41,Low Fat,0.0122,Fruits and Vegetables,177.95,2004,Small,Tier 2,Grocery Store,1488.58
13.97,Regular,0.0902,Fruits and Vegetables,180.08,1997,Medium,Tier 3,Supermarket Type2,3401.24
6.72,Low Fat,0.0661,Canned,99.35,2010,Small,Tier 1,Supermarket Type2,2096.22
19.33,Non-Edible,0.1023,Fruits and Vegetables,59.31,1997,Medium,Tier 3,Grocery Store,838.74
16.72,Regular,0.1197,Fruits and Vegetables,169.13,2010,High,Tier 2,Supermarket Type2,2816.49
10.12,Regular,0.0183,Household,58.23,2009,Medium,Tier 3,Grocery Store,1205.66
5.15,Low Fat,0.0334,Dairy,157.27,2010,Small,Tier 1,Supermarket Type1,2310.1
17.42,Low Fat,0.1161,Household,182.55,1997,Medium,Tier 3,Supermarket Type1,1833.77
11.54,Regular,0.0752,Fruits and Vegetables,184.13,2009,Small,Tier 3,Grocery Store,1545.68
16.95,Low Fat,0.1485,Canned,195.76,1985,Medium,Tier 1,Grocery Store,3251.86
5.62,Regular,0.1339,Household,222.03,2004,High,Tier 1,Grocery Store,1700.32
9.6,Non-Edible,0.1707,Household,139.99,1997,High,Tier 3,Grocery Store,1696.88
12.02,Low Fat,0.1416,Snack Foods,190.65,1997,Medium,Tier 3,Supermarket Type1,2290.83
12.19,Regular,0.0917,Fruits and Vegetables,166.22,1997,Medium,Tier 2,Supermarket Type2,2004.78
10.2,Non-Edible,0.1379,Canned,71.06,2009,Medium,Tier 1,Supermarket Type2,1146.74
14.49,Non-Edible,0.0623,Household,35.65,1985,Small,Tier 3,Supermarket Type1,414.01
7.73,Regular,0.0682,Household,92.6,2010,Medium,Tier 1,Supermarket Type2,1450.77
11.43,Low Fat,0.1599,Canned,127.47,1985,Medium,Tier 2,Supermarket Type1,1750.27
12.48,Regular,0.0948,Fruits and Vegetables,165.76,2009,Small,Tier 3,Supermarket Type2,3283.3
14.06,Non-Edible,0.1617,Snack Foods,216.99,1997,High,Tier 3,Grocery Store,2133.43
14.85,Regular,0.1663,Household,73.17,2004,Medium,Tier 3,Grocery Store,1124.94
7.5,Low Fat,0.1729,Snack Foods,57.62,1997,Medium,Tier 1,Grocery Store,936.43
5.86,Non-Edible,0.1842,Dairy,241.97,2010,High,Tier 2,Supermarket Type1,2758.03
17.11,Regular,0.0919,Fruits and Vegetables,53.77,2004,High,Tier 1,Supermarket Type1,342.67
13.33,Low Fat,0.0706,Dairy,135.27,1997,Small,Tier 3,Supermarket Type2,2542.07
9.01,Non-Edible,0.1206,Dairy,158.82,2004,Medium,Tier 2,Supermarket Type2,2200.64
18.2,Low Fat,0.0805,Dairy,149.1,1985,Medium,Tier 3,Supermarket Type2,1566.39
12.46,Non-Edible,0.1242,Fruits and Vegetables,48.93,2009,Small,Tier 3,Supermarket Type1,1016.16
16.72,Regular,0.1441,Fruits and Vegetables,42.55,1997,High,Tier 1,Supermarket Type2,1664.26
12.27,Low Fat,0.1408,Canned,53.21,2010,Small,Tier 3,Grocery Store,808.56
20.24,Non-Edible,0.0812,Snack Foods,158.83,1985,High,Tier 2,Supermarket Type2,2369.53
19.02,Low Fat,0.0417,Snack Foods,149.76,1997,Small,Tier 3,Grocery Store,3052.41
11.0,Low Fat,0.0918,Canned,81.42,1985,High,Tier 3,Supermarket Type1,696.5
15.89,Regular,0.0371,Canned,170.31,2010,Small,Tier 1,Grocery Store,3300.99
14.58,Low Fat,0.1791,Dairy,210.41,1997,High,Tier 2,Grocery Store,3229.78
17.47,Non-Edible,0.0757,Canned,39.15,2010,High,Tier 1,Grocery Store,398.78
8.14,Non-Edible,0.0393,Household,139.59,2004,High,Tier 3,Supermarket Type1,1524.56
14.74,Non-Edible,0.0148,Snack Foods,181.65,2010,High,Tier 1,Supermarket Type1,2303.08
16.23,Non-Edible,0.1327,Canned,85.51,2004,High,Tier 1,Supermarket Type1,412.49
4.97,Regular,0.131,Household,97.71,1997,Medium,Tier 1,Supermarket Type1,1308.42
7.27,Low Fat,0.0747,Household,165.0,2004,High,Tier 1,Supermarket Type2,1666.72
3.84,Regular,0.0236,Household,227.55,1997,Medium,Tier 3,Supermarket Type1,2967.65
10.92,Low Fat,0.0878,Household,208.18,1997,High,Tier 3,Grocery Store,2064.87
14.87,Low Fat,0.0691,Dairy,158.29,2009,Medium,Tier 2,Supermarket Type1,2694.79
18.01,Low Fat,0.1387,Household,190.65,1997,Medium,Tier 1,Supermarket Type2,3005.84
12.3,Regular,0.1251,Dairy,110.26,2004,Small,Tier 1,Supermarket Type2,1177.42
18.51,Low Fat,0.0793,Dairy,171.01,2009,High,Tier 2,Supermarket Type2,2653.01
6.48,Regular,0.0514,Household,132.56,2009,Small,Tier 1,Grocery Store,1759.19
5.19,Non-Edible,0.1977,Snack Foods,71.79,1997,Small,Tier 2,Supermarket Type1,1546.29
11.78,Non-Edible,0.0963,Household,184.38,2010,High,Tier 3,Supermarket Type1,1921.83
13.54,Low Fat,0.1408,Household,152.42,2010,Small,Tier 2,Supermarket Type1,1979.33
11.87,Regular,0.0367,Household,108.9,2009,High,Tier 1,Grocery Store,1270.59
3.73,Non-Edible,0.1023,Snack Foods,230.49,1997,Small,Tier 2,Grocery Store,2795.57
11.64,Regular,0.0152,Fruits and Vegetables,34.61,2010,High,Tier 3,Supermarket Type2,978.15
6.78,Regular,0.106,Fruits and Vegetables,99.47,1997,High,Tier 1,Supermarket Type2,946.66
14.68,Low Fat,0.1932,Dairy,42.51,1997,High,Tier 3,Supermarket Type1,527.54
13.47,Non-Edible,0.083,Dairy,198.64,2009,Medium,Tier 3,Grocery Store,3151.13
8.24,Low Fat,0.0174,Snack Foods,184.46,2009,Small,Tier 2,Grocery Store,3102.36
9.94,Low Fat,0.0159,Canned,102.9,1985,Medium,Tier 3,Supermarket Type1,1734.85
7.76,Non-Edible,0.0837,Fruits and Vegetables,178.65,2010,Small,Tier 1,Supermarket Type1,2205.66
11.75,Non-Edible,0.0404,Dairy,117.11,2010,Small,Tier 3,Supermarket Type2,1566.38
15.82,Regular,0.0144,Fruits and Vegetables,196.38,2010,Small,Tier 3,Supermarket Type2,3046.11
8.06,Non-Edible,0.1537,Snack Foods,129.92,2004,Medium,Tier 2,Supermarket Type2,1739.58
14.02,Regular,0.0971,Snack Foods,120.7,1997,Small,Tier 3,Supermarket Type1,905.41
9.88,Regular,0.065,Canned,235.64,2009,Medium,Tier 2,Supermarket Type1,3322.39
8.83,Regular,0.181,Canned,85.19,2010,High,Tier 2,Supermarket Type2,649.85
11.57,Non-Edible,0.0321,Snack Foods,56.5,1985,Small,Tier 1,Supermarket Type2,247.94
7.86,Low Fat,0.1916,Dairy,158.6,2010,Small,Tier 1,Grocery Store,1093.74
9.79,Regular,0.0697,Fruits and Vegetables,243.25,1997,High,Tier 1,Grocery Store,3012.71
7.21,Low Fat,0.1788,Household,113.12,1997,High,Tier 1,Supermarket Type2,867.36
19.86,Low Fat,0.1246,Canned,43.65,2009,Small,Tier 2,Supermarket Type2,-233.37
12.14,Non-Edible,0.1671,Household,104.65,2004,High,Tier 3,Grocery Store,1237.31
9.2,Low Fat,0.197,Dairy,141.3,2009,Medium,Tier 1,Supermarket Type2,1504.52
12.86,Low Fat,0.0648,Canned,65.62,2010,Medium,Tier 1,Grocery Store,992.95
11.55,Non-Edible,0.1926,Household,174.78,1985,Small,Tier 1,Grocery Store,1905.57
11.12,Regular,0.084,Dairy,249.5,2009,Medium,Tier 3,Grocery Store,4131.81
14.46,Low Fat,0.0832,Fruits and Vegetables,129.38,2004,Medium,Tier 1,Supermarket Type1,2118.72
15.03,Non-Edible,0.0747,Dairy,108.04,2009,Small,Tier 3,Supermarket Type1,1376.89
9.88,Low Fat,0.1129,Canned,118.15,1997,High,Tier 2,Supermarket Type2,1541.36
9.7,Low Fat,0.0393,Snack Foods,55.33,2010,Small,Tier 2,Grocery Store,1592.66
10.9,Regular,0.1152,Fruits and Vegetables,224.32,2010,Medium,Tier 2,Supermarket Type1,3355.12
2.79,Low Fat,0.1129,Household,121.26,2010,Small,Tier 3,Supermarket Type2,723.8
5.94,Non-Edible,0.1548,Canned,115.2,2010,Small,Tier 1,Supermarket Type2,903.72
17.47,Low Fat,0.1684,Snack Foods,175.13,2010,Medium,Tier 1,Supermarket Type2,2015.1
18.58,Regular,0.0937,Dairy,127.25,2010,Medium,Tier 1,Supermarket Type2,1713.72
11.0,Regular,0.0674,Snack Foods,172.61,1985,Small,Tier 1,Supermarket Type2,2006.73
14.31,Non-Edible,0.0593,Canned,43.52,2004,Medium,Tier 1,Grocery Store,862.82
13.25,Regular,0.047,Canned,209.02,2010,Medium,Tier 3,Supermarket Type2,3191.14
24.32,Low Fat,0.021,Snack Foods,236.91,2004,Medium,Tier 2,Grocery Store,3931.22
16.48,Regular,0.0751,Dairy,172.73,2010,Medium,Tier 1,Supermarket Type1,2280.66
11.49,Non-Edible,0.0613,Snack Foods,240.0,2009,Medium,Tier 2,Supermarket Type2,2317.93
8.18,Regular,0.1936,Canned,63.32,2010,Medium,Tier 3,Supermarket Type1,266.61
5.57,Regular,0.116,Canned,135.03,1997,High,Tier 3,Grocery Store,1398.77
12.81,Regular,0.076,Household,162.4,1985,Small,Tier 1,Grocery Store,1598.53
8.97,Non-Edible,0.1203,Household,157.98,2009,Medium,Tier 3,Supermarket Type1,2591.72
6.31,Regular,0.0364,Fruits and Vegetables,118.32,2009,Small,Tier 2,Supermarket Type2,966.92
9.41,Regular,0.0944,Canned,104.38,1997,High,Tier 1,Supermarket Type2,1721.84
7.67,Low Fat,0.129,Household,57.9,2010,Medium,Tier 1,Supermarket Type1,-68.38
18.75,Non-Edible,0.1029,Snack Foods,116.18,1985,Small,Tier 2,Supermarket Type1,2124.17
15.53,Regular,0.0863,Dairy,65.79,2009,Medium,Tier 1,Supermarket Type1,1049.89
11.97,Non-Edible,0.1988,Snack Foods,191.56,1985,Medium,Tier 1,Supermarket Type2,3183.37
17.92,Regular,0.1773,Dairy,75.94,2009,Medium,Tier 2,Supermarket Type2,648.61
12.31,Regular,0.1284,Household,42.88,2010,Medium,Tier 1,Supermarket Type2,433.71
8.55,Regular,0.1182,Fruits and Vegetables,151.52,2009,Medium,Tier 1,Supermarket Type1,1749.19
18.09,Low Fat,0.1279,Snack Foods,160.95,2009,Medium,Tier 2,Supermarket Type2,2215.98
14.16,Low Fat,0.0482,Snack Foods,221.82,2004,Medium,Tier 3,Grocery Store,2827.49
7.85,Low Fat,0.0851,Snack Foods,156.94,2010,High,Tier 2,Supermarket Type1,1850.81
11.24,Non-Edible,0.0175,Dairy,106.01,1997,High,Tier 1,Supermarket Type2,1387.03
8.5,Non-Edible,0.1004,Household,206.66,1997,Medium,Tier 2,Supermarket Type1,1579.42
6.47,Low Fat,0.1132,Snack Foods,148.86,2010,Medium,Tier 1,Grocery Store,2348.66
15.7,Non-Edible,0.0533,Snack Foods,47.44,1997,High,Tier 1,Grocery Store,2366.6
19.64,Regular,0.1932,Fruits and Vegetables,154.49,2010,High,Tier 2,Supermarket Type1,2339.52
6.41,Regular,0.1828,Fruits and Vegetables,229.76,1997,High,Tier 1,Supermarket Type1,2187.33
14.25,Regular,0.1472,Household,117.19,2004,Medium,Tier 3,Grocery Store,1126.37
9.4,Low Fat,0.1113,Household,95.19,1997,Small,Tier 1,Supermarket Type1,1592.04
10.05,Non-Edible,0.1753,Canned,61.56,2009,Small,Tier 2,Grocery Store,1026.43
9.63,Low Fat,0.0348,Fruits and Vegetables,63.32,2010,Small,Tier 3,Grocery Store,842.07
8.54,Non-Edible,0.1602,Canned,125.21,1985,Small,Tier 3,Supermarket Type2,1951.94
12.19,Regular,0.0337,Dairy,161.05,1985,Medium,Tier 1,Supermarket Type1,1198.64
8.68,Low Fat,0.1609,Canned,47.74,2010,Small,Tier 2,Supermarket Type1,1022.2
13.08,Non-Edible,0.0624,Snack Foods,236.71,2004,High,Tier 1,Supermarket Type2,3255.75
11.8,Non-Edible,0.1766,Canned,196.13,1997,High,Tier 1,Grocery Store,2001.85
11.04,Regular,0.1894,Household,159.06,2004,Small,Tier 2,Supermarket Type1,1303.64
8.37,Low Fat,0.0383,Dairy,212.26,1985,High,Tier 2,Supermarket Type2,2801.76
9.69,Low Fat,0.0979,Snack Foods,47.64,2010,Medium,Tier 1,Supermarket Type2,1437.47
15.02,Low Fat,0.1964,Canned,134.9,2010,Small,Tier 3,Supermarket Type1,1714.2
14.0,Regular,0.1018,Dairy,168.62,2004,Small,Tier 1,Supermarket Type2,1875.5
8.09,Low Fat,0.1741,Dairy,212.3,2004,Medium,Tier 3,Grocery Store,2693.97
12.4,Regular,0.1219,Snack Foods,202.36,1997,High,Tier 1,Supermarket Type2,3555.97
15.01,Regular,0.0813,Canned,90.96,2009,Medium,Tier 2,Grocery Store,1629.49
5.32,Regular,0.0643,Dairy,236.99,2009,Medium,Tier 3,Grocery Store,3201.48
14.17,Non-Edible,0.0486,Dairy,57.36,1997,High,Tier 2,Supermarket Type1,1630.88
9.35,Low Fat,0.1547,Fruits and Vegetables,222.53,2009,Medium,Tier 2,Supermarket Type2,3010.77
14.28,Low Fat,0.0834,Dairy,243.61,1985,High,Tier 2,Grocery Store,2840.44
8.95,Regular,0.1071,Fruits and Vegetables,68.97,2009,High,Tier 2,Grocery Store,89.58
4.78,Regular,0.1035,Canned,188.85,1997,Medium,Tier 2,Supermarket Type2,1837.55
5.49,Low Fat,0.1197,Canned,38.86,2009,High,Tier 1,Grocery Store,-57.87
12.19,Regular,0.1745,Canned,119.19,2010,Medium,Tier 3,Supermarket Type2,1915.25
13.04,Low Fat,0.1963,Household,143.58,2004,High,Tier 1,Supermarket Type1,2279.36
8.38,Non-Edible,0.0874,Canned,157.74,1985,Small,Tier 1,Grocery Store,2123.38
14.55,Regular,0.1672,Dairy,235.91,2010,High,Tier 1,Grocery Store,2427.22
5.35,Low Fat,0.1553,Snack Foods,177.9,2010,High,Tier 2,Supermarket Type2,3023.15
11.74,Regular,0.119,Fruits and Vegetables,135.88,1997,Medium,Tier 1,Supermarket Type2,1622.04
7.16,Low Fat,0.1916,Household,208.13,2004,High,Tier 3,Supermarket Type2,2807.59
9.39,Low Fat,0.0481,Canned,239.12,2004,Small,Tier 1,Supermarket Type2,3106.63
12.19,Regular,0.0308,Canned,34.85,1985,Small,Tier 2,Grocery Store,817.78
8.56,Non-Edible,0.1723,Snack Foods,246.15,1997,High,Tier 3,Supermarket Type1,3304.44
10.46,Low Fat,0.0934,Snack Foods,48.95,1985,High,Tier 3,Supermarket Type1,426.62
16.03,Low Fat,0.1709,Household,209.17,2009,Small,Tier 3,Supermarket Type1,3427.89
9.69,Low Fat,0.1797,Fruits and Vegetables,91.67,2010,Medium,Tier 3,Supermarket Type1,392.62
15.34,Non-Edible,0.0219,Canned,59.08,1985,Small,Tier 1,Supermarket Type2,578.77
7.48,Non-Edible,0.1779,Household,126.77,2010,Small,Tier 2,Grocery Store,2194.33
14.12,Regular,0.0952,Dairy,171.67,1997,High,Tier 3,Grocery Store,2643.38
17.77,Non-Edible,0.107,Dairy,113.81,2009,High,Tier 3,Grocery Store,3007.03
2.11,Regular,0.1291,Household,42.0,1997,Small,Tier 2,Supermarket Type2,467.12
8.81,Regular,0.186,Canned,161.88,2009,Medium,Tier 1,Grocery Store,2848.52
14.31,Non-Edible,0.0136,Household,228.53,2009,Small,Tier 3,Supermarket Type2,2191.15
11.19,Regular,0.1006,Canned,114.31,2010,Small,Tier 1,Grocery Store,867.34
13.48,Non-Edible,0.1407,Snack Foods,77.59,1997,Medium,Tier 1,Supermarket Type1,1600.44
9.58,Regular,0.1473,Household,127.37,1997,Small,Tier 1,Supermarket Type2,771.66
12.35,Non-Edible,0.1416,Canned,40.64,1985,Small,Tier 1,Grocery Store,577.96
11.38,Non-Edible,0.0355,Household,210.51,1997,High,Tier 3,Supermarket Type1,3386.55
16.67,Regular,0.0669,Household,211.79,1985,Medium,Tier 3,Supermarket Type1,3178.37
13.02,Low Fat,0.0782,Canned,159.36,2004,High,Tier 1,Supermarket Type1,2193.37
13.35,Regular,0.1628,Canned,107.68,2004,High,Tier 1,Supermarket Type2,1264.99
10.35,Non-Edible,0.063,Fruits and Vegetables,205.95,2004,Medium,Tier 2,Supermarket Type2,2794.22
10.05,Low Fat,0.05,Household,152.03,1997,Medium,Tier 2,Grocery Store,2337.3
10.27,Regular,0.1919,Dairy,211.71,1997,Small,Tier 2,Supermarket Type1,2301.01
13.58,Regular,0.0117,Household,168.92,1985,High,Tier 3,Grocery Store,2570.24
10.32,Regular,0.1996,Household,202.57,2009,Medium,Tier 2,Grocery Store,3054.21
13.16,Low Fat,0.1386,Canned,161.68,1985,High,Tier 3,Supermarket Type1,2047.85
20.3,Non-Edible,0.1674,Household,121.11,2004,High,Tier 3,Grocery Store,1865.77
15.48,Regular,0.066,Household,240.75,1985,Medium,Tier 3,Supermarket Type2,3487.71
10.7,Regular,0.0127,Dairy,149.05,2009,Small,Tier 3,Grocery Store,2343.05
16.8,Regular,0.1502,Canned,163.12,1997,High,Tier 2,Supermarket Type1,2700.96
10.37,Regular,0.1685,Household,78.51,1985,Medium,Tier 1,Supermarket Type2,545.98
3.85,Regular,0.1507,Snack Foods,167.64,2004,Small,Tier 1,Supermarket Type2,1706.49
7.97,Non-Edible,0.0371,Fruits and Vegetables,155.75,2004,High,Tier 1,Grocery Store,1805.07
4.52,Non-Edible,0.1532,Dairy,70.66,1997,Medium,Tier 2,Grocery Store,366.24
10.59,Regular,0.1561,Household,43.11,1985,High,Tier 1,Supermarket Type2,-254.16
12.07,Low Fat,0.1351,Snack Foods,162.96,2009,Medium,Tier 2,Grocery Store,521.75
18.71,Non-Edible,0.1556,Household,198.01,1997,Medium,Tier 2,Supermarket Type1,3325.14
13.31,Low Fat,0.1707,Household,145.15,1985,High,Tier 2,Grocery Store,1154.94
11.12,Non-Edible,0.1266,Canned,79.89,2010,High,Tier 1,Grocery Store,1914.91
15.32,Regular,0.0268,Canned,176.63,2004,Medium,Tier 1,Supermarket Type2,2878.16
3.16,Non-Edible,0.1026,Canned,47.62,2009,Small,Tier 1,Grocery Store,352.24
12.94,Regular,0.0248,Snack Foods,127.2,2009,High,Tier 3,Grocery Store,2159.95
15.08,Non-Edible,0.0874,Household,65.94,2009,Medium,Tier 2,Grocery Store,1320.81
6.09,Regular,0.0874,Fruits and Vegetables,70.58,2004,Medium,Tier 3,Supermarket Type1,373.94
16.58,Regular,0.0225,Dairy,74.5,1985,Small,Tier 2,Grocery Store,1308.69
13.35,Regular,0.0763,Canned,115.08,1997,Small,Tier 1,Supermarket Type1,1175.25
10.34,Regular,0.0311,Canned,41.25,1985,Small,Tier 2,Supermarket Type1,1068.05
14.53,Low Fat,0.1636,Household,117.51,1997,High,Tier 2,Supermarket Type1,1280.94
21.08,Regular,0.1901,Household,142.58,2009,Medium,Tier 3,Supermarket Type1,2040.05
12.73,Low Fat,0.0237,Snack Foods,136.32,1985,Medium,Tier 2,Supermarket Type2,1887.19
12.99,Low Fat,0.1915,Snack Foods,114.21,2009,Medium,Tier 1,Supermarket Type1,1590.7
10.16,Regular,0.1093,Canned,214.61,2010,Small,Tier 2,Grocery Store,3577.33
8.6,Low Fat,0.0669,Household,61.97,2009,Medium,Tier 2,Supermarket Type1,787.96
15.32,Non-Edible,0.0246,Fruits and Vegetables,141.25,2009,High,Tier 2,Grocery Store,2693.48
8.58,Regular,0.1051,Dairy,43.65,1997,Small,Tier 3,Supermarket Type1,889.04
12.29,Low Fat,0.161,Household,45.65,2010,Small,Tier 2,Supermarket Type2,1425.2
10.09,Regular,0.1443,Household,156.25,2009,Small,Tier 2,Supermarket Type1,1837.05
13.92,Regular,0.0195,Snack Foods,154.52,2009,Small,Tier 3,Supermarket Type1,2560.25
13.33,Regular,0.0239,Dairy,223.17,2010,High,Tier 3,Supermarket Type2,2989.31
16.15,Low Fat,0.0865,Canned,152.73,2010,Medium,Tier 3,Supermarket Type1,688.29
9.96,Non-Edible,0.0661,Household,241.15,1985,High,Tier 3,Grocery Store,2558.67
10.92,Non-Edible,0.0542,Canned,40.71,1997,Medium,Tier 1,Supermarket Type1,1018.01
8.08,Low Fat,0.0634,Household,51.56,2010,High,Tier 1,Supermarket Type1,1030.84
10.22,Regular,0.1627,Canned,39.69,2010,Small,Tier 2,Supermarket Type1,-60.08
13.51,Low Fat,0.1866,Dairy,70.76,2004,Small,Tier 1,Supermarket Type2,1135.49
15.03,Low Fat,0.087,Snack Foods,149.08,2010,High,Tier 2,Supermarket Type1,2360.34
8.31,Low Fat,0.1822,Dairy,172.03,1997,High,Tier 1,Supermarket Type1,2093.72
15.48,Regular,0.0711,Fruits and Vegetables,40.03,2009,Medium,Tier 3,Grocery Store,1187.53
17.42,Low Fat,0.1005,Snack Foods,238.11,2009,High,Tier 3,Supermarket Type1,3527.44
13.65,Regular,0.0529,Dairy,215.28,2009,High,Tier 1,Supermarket Type1,2885.86
19.51,Low Fat,0.1317,Fruits and Vegetables,95.25,2009,Medium,Tier 1,Supermarket Type1,1279.49
8.9,Non-Edible,0.196,Household,46.98,2004,Medium,Tier 2,Supermarket Type1,1128.04
7.02,Low Fat,0.1247,Household,67.38,2010,Medium,Tier 2,Grocery Store,1105.32
4.89,Low Fat,0.078,Canned,57.93,2009,High,Tier 2,Grocery Store,59.2
17.98,Non-Edible,0.1331,Snack Foods,57.12,1985,Medium,Tier 3,Supermarket Type2,1143.96
14.62,Regular,0.0334,Household,144.08,2009,Small,Tier 3,Supermarket Type1,1515.66
11.78,Regular,0.1788,Snack Foods,84.09,2010,Small,Tier 3,Supermarket Type2,665.33
13.12,Low Fat,0.1056,Household,108.79,2009,Small,Tier 3,Supermarket Type2,1228.03
7.5,Non-Edible,0.0954,Canned,247.69,2004,High,Tier 2,Supermarket Type1,3110.02
21.78,Regular,0.1213,Dairy,180.55,1997,Small,Tier 3,Grocery Store,2820.38
12.52,Low Fat,0.1287,Canned,238.78,1997,High,Tier 3,Grocery Store,2876.13
12.44,Non-Edible,0.0236,Fruits and Vegetables,61.36,2010,High,Tier 3,Supermarket Type1,864.02
14.9,Regular,0.1397,Household,114.07,1997,Small,Tier 3,Supermarket Type1,1379.24
13.92,Regular,0.056,Fruits and Vegetables,152.04,1997,Medium,Tier 1,Grocery Store,2669.57
12.9,Non-Edible,0.1457,Fruits and Vegetables,46.89,1985,High,Tier 2,Supermarket Type1,-664.0
8.84,Non-Edible,0.1663,Snack Foods,30.92,2010,Small,Tier 2,Supermarket Type1,287.1
13.89,Non-Edible,0.1628,Household,177.5,2010,High,Tier 3,Supermarket Type1,3117.36
19.53,Non-Edible,0.115,Fruits and Vegetables,171.2,1997,Medium,Tier 1,Grocery Store,2725.54
17.38,Low Fat,0.1088,Dairy,120.37,1997,Medium,Tier 2,Supermarket Type2,2437.09
18.37,Non-Edible,0.0371,Fruits and Vegetables,137.72,1997,Small,Tier 2,Supermarket Type2,1093.57
9.96,Regular,0.1573,Dairy,121.4,2004,High,Tier 3,Supermarket Type1,948.93
8.04,Regular,0.0616,Snack Foods,35.28,2009,High,Tier 3,Grocery Store,834.38
11.5,Low Fat,0.1044,Fruits and Vegetables,103.78,2004,High,Tier 2,Supermarket Type1,2227.03
12.22,Regular,0.064,Canned,68.96,2010,High,Tier 2,Grocery Store,521.27
16.38,Regular,0.0354,Snack Foods,51.65,1985,Small,Tier 1,Supermarket Type1,828.86
5.23,Non-Edible,0.1296,Dairy,240.48,2009,Medium,Tier 2,Grocery Store,3106.85
18.12,Regular,0.0203,Snack Foods,161.86,1985,Small,Tier 2,Grocery Store,1685.34
11.37,Low Fat,0.1522,Fruits and Vegetables,190.3,2010,High,Tier 3,Supermarket Type2,2703.41
10.29,Non-Edible,0.0703,Household,99.38,2010,High,Tier 2,Supermarket Type1,62.77
7.95,Non-Edible,0.01,Household,116.49,1985,Medium,Tier 3,Supermarket Type2,1850.83
5.38,Low Fat,0.1071,Dairy,82.12,1985,High,Tier 2,Supermarket Type2,527.68
15.29,Non-Edible,0.0189,Dairy,51.33,1985,Small,Tier 2,Grocery Store,782.57
12.29,Non-Edible,0.0625,Household,69.39,2010,Small,Tier 2,Supermarket Type1,1426.38
6.84,Low Fat,0.1443,Dairy,205.45,1997,Medium,Tier 1,Grocery Store,2735.98
6.82,Non-Edible,0.0219,Snack Foods,179.06,1985,Small,Tier 3,Grocery Store,2312.37
10.66,Low Fat,0.1695,Canned,150.32,2009,Small,Tier 1,Grocery Store,2409.34
18.68,Low Fat,0.0107,Canned,134.52,2010,Small,Tier 2,Supermarket Type1,1256.71
10.96,Regular,0.0569,Snack Foods,232.94,2004,Small,Tier 1,Supermarket Type1,3142.74
5.99,Regular,0.1508,Canned,46.0,2004,High,Tier 3,Grocery Store,167.62
11.02,Non-Edible,0.0701,Fruits and Vegetables,91.73,2009,Small,Tier 2,Supermarket Type1,1787.12
10.91,Non-Edible,0.0294,Snack Foods,106.99,1997,Medium,Tier 1,Grocery Store,1893.21
1.21,Low Fat,0.0784,Dairy,202.13,1985,Medium,Tier 1,Supermarket Type1,2750.07
11.78,Non-Edible,0.0614,Snack Foods,248.35,2010,Small,Tier 3,Supermarket Type1,4066.16
11.08,Low Fat,0.1701,Household,82.95,1985,Medium,Tier 1,Supermarket Type2,1687.12
14.78,Low Fat,0.0695,Dairy,222.35,2010,Small,Tier 3,Grocery Store,2923.35
19.4,Non-Edible,0.1599,Household,212.74,2004,Medium,Tier 2,Supermarket Type2,2918.26
16.51,Low Fat,0.1795,Dairy,79.42,1985,Medium,Tier 2,Supermarket Type2,1517.05
10.92,Regular,0.0924,Canned,117.85,2009,Small,Tier 1,Grocery Store,1685.83
7.57,Non-Edible,0.1829,Snack Foods,120.13,1997,Small,Tier 2,Grocery Store,1818.12
22.29,Regular,0.0817,Fruits and Vegetables,245.21,2009,High,Tier 2,Supermarket Type1,2349.96
12.24,Non-Edible,0.1932,Dairy,69.8,1997,Small,Tier 1,Grocery Store,1913.74
12.06,Low Fat,0.027,Dairy,205.81,1985,Small,Tier 2,Supermarket Type2,2803.45
11.9,Non-Edible,0.1405,Household,103.52,1985,High,Tier 1,Supermarket Type2,611.9
12.79,Regular,0.1038,Canned,190.79,1997,Small,Tier 3,Grocery Store,2077.77
11.42,Low Fat,0.0837,Household,122.4,2004,Small,Tier 3,Supermarket Type2,629.9
9.71,Non-Edible,0.1302,Household,157.24,2010,High,Tier 3,Supermarket Type1,1477.06
9.81,Non-Edible,0.1437,Canned,213.17,2009,Small,Tier 1,Supermarket Type2,2613.87
11.87,Non-Edible,0.0108,Fruits and Vegetables,206.92,2009,Small,Tier 1,Supermarket Type1,3554.81
9.83,Regular,0.0417,Household,220.61,2009,High,Tier 2,Supermarket Type2,3082.48
9.15,Regular,0.1455,Household,43.12,1985,High,Tier 2,Supermarket Type1,733.87
12.43,Non-Edible,0.1366,Dairy,182.25,2009,Medium,Tier 2,Supermarket Type1,1821.87
10.98,Low Fat,0.1935,Canned,60.8,2010,Small,Tier 2,Grocery Store,418.86
18.02,Low Fat,0.1546,Snack Foods,121.48,2010,Medium,Tier 2,Supermarket Type1,1414.81
1.4,Regular,0.1906,Fruits and Vegetables,150.69,1997,Medium,Tier 1,Grocery Store,1308.61
16.37,Low Fat,0.1435,Fruits and Vegetables,118.6,1985,High,Tier 1,Supermarket Type2,1544.99
16.98,Regular,0.0666,Canned,144.31,2010,Small,Tier 3,Supermarket Type2,1985.56
3.71,Non-Edible,0.03,Dairy,249.24,2004,Small,Tier 3,Supermarket Type2,2901.23
10.63,Regular,0.1585,Dairy,59.75,1985,High,Tier 3,Supermarket Type1,508.47
10.51,Regular,0.1324,Canned,178.6,1985,Medium,Tier 3,Supermarket Type2,2366.07
6.37,Non-Edible,0.0192,Dairy,117.12,2010,High,Tier 1,Supermarket Type2,1403.83
8.89,Low Fat,0.0784,Fruits and Vegetables,59.26,2004,Small,Tier 1,Grocery Store,74.23
7.56,Regular,0.1918,Fruits and Vegetables,64.92,1997,High,Tier 1,Grocery Store,808.57
19.01,Regular,0.1051,Snack Foods,238.84,2010,Small,Tier 2,Supermarket Type2,3219.3
15.74,Non-Edible,0.0922,Canned,223.51,2004,Medium,Tier 2,Supermarket Type2,2229.08
17.09,Low Fat,0.097,Household,229.55,1985,Small,Tier 3,Supermarket Type1,2827.13
14.89,Regular,0.0497,Household,248.14,2004,Medium,Tier 2,Supermarket Type1,3633.96
7.48,Non-Edible,0.0801,Snack Foods,75.83,1985,Medium,Tier 1,Supermarket Type2,464.14
9.9,Regular,0.0803,Snack Foods,108.2,2010,Small,Tier 3,Grocery Store,865.38
13.96,Non-Edible,0.0199,Dairy,177.23,2010,Small,Tier 3,Supermarket Type2,2323.94
7.11,Low Fat,0.1558,Snack Foods,136.44,2009,Medium,Tier 2,Supermarket Type1,1988.3
14.85,Low Fat,0.0891,Snack Foods,122.05,2009,High,Tier 3,Grocery Store,2681.41
11.04,Low Fat,0.1662,Household,108.72,2009,Small,Tier 2,Grocery Store,1766.64
10.5,Low Fat,0.1716,Dairy,160.63,2010,Medium,Tier 2,Supermarket Type1,2585.05
14.84,Regular,0.0503,Snack Foods,156.63,1997,Medium,Tier 3,Supermarket Type2,2404.64
13.78,Regular,0.1349,Snack Foods,65.52,2010,High,Tier 2,Supermarket Type2,678.53
10.56,Low Fat,0.0997,Dairy,133.78,2004,Small,Tier 2,Supermarket Type2,2118.59
16.64,Low Fat,0.1772,Canned,151.76,2010,Medium,Tier 2,Supermarket Type1,2050.84
7.68,Low Fat,0.051,Dairy,155.46,2010,High,Tier 2,Grocery Store,2214.42
14.46,Regular,0.1388,Household,76.22,1985,Medium,Tier 3,Supermarket Type1,691.15
14.37,Low Fat,0.1255,Canned,193.3,1985,Small,Tier 1,Supermarket Type2,2818.48
10.76,Low Fat,0.0661,Fruits and Vegetables,35.54,1985,High,Tier 1,Supermarket Type1,588.14
13.3,Low Fat,0.036,Dairy,108.06,2010,Medium,Tier 2,Grocery Store,1735.21
7.0,Non-Edible,0.1338,Household,201.65,1997,High,Tier 2,Supermarket Type1,2438.8
15.7,Low Fat,0.1503,Canned,154.06,2004,Small,Tier 2,Supermarket Type2,1984.62
11.26,Non-Edible,0.07,Dairy,87.46,2004,High,Tier 1,Grocery Store,1525.51
9.91,Non-Edible,0.1325,Snack Foods,182.89,1997,Small,Tier 2,Supermarket Type1,2131.1
16.2,Low Fat,0.0851,Dairy,154.83,1997,Medium,Tier 3,Supermarket Type1,1416.67
9.18,Non-Edible,0.1455,Fruits and Vegetables,205.17,2004,Small,Tier 3,Grocery Store,1633.08
6.37,Low Fat,0.0479,Dairy,191.71,2009,Medium,Tier 3,Grocery Store,2522.95
5.77,Regular,0.1791,Canned,164.22,1985,Medium,Tier 1,Supermarket Type2,1728.86
14.42,Regular,0.0646,Canned,137.4,1985,Small,Tier 2,Grocery Store,1109.64
6.88,Regular,0.0799,Dairy,59.3,2004,Medium,Tier 2,Supermarket Type2,870.76
19.02,Regular,0.021,Canned,87.49,1997,High,Tier 2,Supermarket Type1,1492.15
3.67,Non-Edible,0.0312,Snack Foods,122.2,2009,Medium,Tier 1,Supermarket Type2,1288.54
18.79,Low Fat,0.108,Dairy,161.85,2004,Small,Tier 1,Supermarket Type1,2465.01
12.84,Low Fat,0.0608,Snack Foods,143.02,1985,High,Tier 1,Grocery Store,2661.17
11.61,Low Fat,0.1687,Snack Foods,93.4,2010,High,Tier 1,Supermarket Type1,1907.62
9.82,Regular,0.0128,Household,31.42,1997,Medium,Tier 3,Grocery Store,698.93
13.6,Regular,0.082,Dairy,139.17,2010,Medium,Tier 1,Supermarket Type1,1913.92
11.85,Low Fat,0.0741,Canned,92.84,2004,Small,Tier 1,Supermarket Type1,1438.44
16.41,Regular,0.0137,Snack Foods,191.61,1985,High,Tier 1,Supermarket Type1,2885.51
12.46,Low Fat,0.0336,Household,35.27,2009,Small,Tier 2,Supermarket Type1,588.75
12.6,Low Fat,0.0886,Dairy,158.66,2010,Medium,Tier 2,Supermarket Type2,2245.08
10.55,Low Fat,0.1036,Dairy,237.12,2009,High,Tier 2,Supermarket Type1,2246.45
11.77,Low Fat,0.0868,Fruits and Vegetables,68.37,1985,Small,Tier 3,Supermarket Type2,1090.68
13.23,Low Fat,0.1109,Fruits and Vegetables,133.76,2010,Small,Tier 3,Grocery Store,2090.78
5.16,Low Fat,0.1231,Snack Foods,50.11,2009,Small,Tier 1,Grocery Store,372.89
6.61,Low Fat,0.0119,Fruits and Vegetables,167.65,2009,Small,Tier 2,Supermarket Type2,2135.6
14.97,Regular,0.0982,Snack Foods,151.12,2010,Small,Tier 3,Grocery Store,1564.73
12.68,Low Fat,0.1931,Canned,119.62,1985,High,Tier 2,Grocery Store,960.06
11.26,Low Fat,0.1086,Snack Foods,144.7,2009,Small,Tier 3,Supermarket Type1,2039.4
12.07,Regular,0.1387,Fruits and Vegetables,227.25,2004,High,Tier 3,Supermarket Type1,2554.96
13.39,Regular,0.0693,Canned,73.18,2010,Small,Tier 1,Supermarket Type1,280.15
9.84,Regular,0.1571,Fruits and Vegetables,34.96,1997,Medium,Tier 1,Supermarket Type2,-29.97
8.89,Low Fat,0.1569,Snack Foods,219.57,1997,Medium,Tier 3,Supermarket Type2,2241.2
12.78,Non-Edible,0.109,Household,156.97,1985,Small,Tier 1,Grocery Store,2509.14
8.09,Non-Edible,0.1954,Dairy,225.94,2004,Medium,Tier 3,Supermarket Type1,2830.88
13.63,Regular,0.0339,Fruits and Vegetables,161.33,2009,High,Tier 3,Supermarket Type2,1836.29
5.19,Non-Edible,0.0132,Snack Foods,208.24,1997,Small,Tier 2,Supermarket Type2,2339.25
16.12,Regular,0.1563,Canned,124.53,1985,High,Tier 1,Supermarket Type1,2428.77
13.89,Low Fat,0.1634,Fruits and Vegetables,194.97,2004,Small,Tier 1,Supermarket Type2,3022.74
13.02,Non-Edible,0.0328,Fruits and Vegetables,230.87,2004,Medium,Tier 1,Supermarket Type1,2535.5
15.93,Low Fat,0.0605,Dairy,155.87,1985,High,Tier 2,Grocery Store,2822.71
18.66,Non-Edible,0.0133,Snack Foods,69.77,1985,Medium,Tier 2,Grocery Store,1283.46
16.06,Low Fat,0.0657,Household,89.14,2009,Medium,Tier 2,Grocery Store,1835.28
4.64,Non-Edible,0.1569,Canned,73.7,1985,Small,Tier 1,Supermarket Type1,772.65
6.88,Low Fat,0.1084,Snack Foods,84.31,2009,High,Tier 1,Supermarket Type2,1683.14
9.5,Low Fat,0.0761,Canned,97.41,2009,Medium,Tier 1,Grocery Store,770.24
12.1,Non-Edible,0.0806,Fruits and Vegetables,152.13,2010,Small,Tier 2,Grocery Store,1946.12
14.07,Low Fat,0.0103,Dairy,159.36,2004,Small,Tier 2,Grocery Store,2891.9
9.1,Low Fat,0.067,Dairy,123.83,2004,Small,Tier 3,Supermarket Type2,470.42
12.75,Low Fat,0.1328,Household,165.39,2004,Medium,Tier 2,Supermarket Type2,2175.63
8.98,Non-Edible,0.1951,Dairy,47.95,2010,Small,Tier 3,Supermarket Type1,424.71
9.55,Non-Edible,0.1709,Fruits and Vegetables,49.31,2009,High,Tier 1,Grocery Store,1019.57
6.37,Low Fat,0.0145,Household,67.8,2009,High,Tier 2,Supermarket Type2,1506.65
8.31,Low Fat,0.1807,Snack Foods,143.98,1985,Medium,Tier 1,Supermarket Type1,2139.84
6.59,Non-Edible,0.1588,Dairy,77.08,2010,High,Tier 1,Grocery Store,1065.52
8.1,Non-Edible,0.1583,Household,92.32,1985,Small,Tier 1,Supermarket Type2,1189.56
16.21,Low Fat,0.097,Fruits and Vegetables,118.07,2010,Medium,Tier 1,Supermarket Type2,1585.26
8.2,Low Fat,0.0856,Canned,208.61,1985,Small,Tier 2,Supermarket Type1,2750.3
22.53,Low Fat,0.0676,Canned,33.05,1997,Medium,Tier 1,Grocery Store,1660.04
13.97,Regular,0.0225,Fruits and Vegetables,172.86,2004,Medium,Tier 3,Grocery Store,2016.16
12.74,Non-Edible,0.0534,Fruits and Vegetables,177.15,2004,Small,Tier 2,Supermarket Type2,2218.4
8.57,Regular,0.0569,Canned,205.7,2009,High,Tier 1,Grocery Store,2611.06
14.8,Non-Edible,0.102,Household,235.21,1997,High,Tier 2,Supermarket Type1,3625.46
9.7,Non-Edible,0.152,Canned,34.43,2004,Medium,Tier 3,Supermarket Type2,632.56
12.49,Non-Edible,0.1,Fruits and Vegetables,63.83,2009,Small,Tier 1,Supermarket Type2,1493.03
22.24,Non-Edible,0.021,Dairy,224.96,1997,Small,Tier 3,Supermarket Type1,3797.64
11.62,Non-Edible,0.192,Snack Foods,130.87,2004,Medium,Tier 1,Supermarket Type2,1989.62
16.6,Non-Edible,0.1891,Dairy,154.21,1985,High,Tier 3,Grocery Store,1578.19
9.19,Non-Edible,0.1592,Dairy,175.87,2010,Small,Tier 1,Grocery Store,3034.27
11.86,Regular,0.1984,Fruits and Vegetables,179.39,1997,High,Tier 2,Supermarket Type2,2984.19
19.08,Low Fat,0.1135,Canned,234.98,2009,High,Tier 1,Supermarket Type1,3256.42
9.49,Low Fat,0.1929,Household,249.33,1997,Medium,Tier 2,Supermarket Type1,2371.92
19.25,Regular,0.0244,Dairy,188.43,2009,Medium,Tier 1,Grocery Store,1977.35
14.83,Regular,0.0795,Canned,93.19,1997,High,Tier 1,Supermarket Type1,1564.87
9.75,Regular,0.0528,Household,223.55,2009,Small,Tier 3,Supermarket Type2,2548.45
14.53,Regular,0.0472,Dairy,40.83,2004,Small,Tier 3,Supermarket Type2,-27.23
15.89,Non-Edible,0.0368,Household,80.84,1985,Medium,Tier 3,Grocery Store,570.19
14.49,Low Fat,0.1283,Canned,227.42,2004,High,Tier 1,Grocery Store,2761.62
5.72,Non-Edible,0.1585,Snack Foods,86.36,1985,Small,Tier 1,Grocery Store,1131.4
9.09,Low Fat,0.1199,Canned,78.54,2004,Small,Tier 1,Supermarket Type1,1770.92
11.01,Low Fat,0.0379,Fruits and Vegetables,60.39,2004,Medium,Tier 2,Supermarket Type2,1224.67
11.7,Regular,0.1641,Household,219.0,1997,High,Tier 2,Supermarket Type2,2594.42
14.48,Non-Edible,0.1308,Snack Foods,140.01,2010,Small,Tier 1,Supermarket Type2,2131.0
12.71,Regular,0.0838,Household,178.48,2009,Medium,Tier 3,Grocery Store,2549.55
6.66,Non-Edible,0.1381,Household,82.59,2009,Small,Tier 3,Supermarket Type2,1403.73
13.52,Low Fat,0.0594,Dairy,196.77,2009,Small,Tier 3,Supermarket Type1,2650.55
14.44,Regular,0.0756,Fruits and Vegetables,197.2,1985,Small,Tier 1,Supermarket Type1,3202.09
14.24,Regular,0.1843,Household,98.77,2009,Medium,Tier 3,Supermarket Type2,1796.64
16.32,Low Fat,0.0652,Canned,120.35,2009,High,Tier 1,Grocery Store,1860.16
15.34,Low Fat,0.0993,Canned,76.13,1997,Medium,Tier 2,Supermarket Type2,1166.39
13.84,Low Fat,0.1791,Dairy,244.84,2004,High,Tier 3,Supermarket Type1,3598.2
11.72,Regular,0.1445,Fruits and Vegetables,172.03,2009,Small,Tier 2,Supermarket Type1,1882.78
5.36,Non-Edible,0.0218,Fruits and Vegetables,235.6,2010,High,Tier 3,Supermarket Type1,2205.29
13.72,Regular,0.038,Canned,96.74,2009,Small,Tier 1,Supermarket Type2,736.27
12.83,Non-Edible,0.0115,Snack Foods,202.02,1985,Small,Tier 1,Supermarket Type1,2365.1
13.09,Regular,0.1299,Dairy,198.49,1985,Medium,Tier 1,Grocery Store,2939.12
6.89,Regular,0.0951,Dairy,182.16,1985,Small,Tier 1,Supermarket Type2,2070.96
7.68,Low Fat,0.0355,Canned,242.44,2009,Medium,Tier 3,Supermarket Type2,3191.3
16.21,Non-Edible,0.192,Canned,116.58,1997,High,Tier 2,Supermarket Type1,1396.02
11.84,Regular,0.1106,Snack Foods,58.76,2010,High,Tier 1,Supermarket Type1,668.64
14.73,Regular,0.056,Snack Foods,177.78,2009,Small,Tier 3,Grocery Store,1964.67
12.11,Low Fat,0.1051,Fruits and Vegetables,190.45,1997,Medium,Tier 2,Supermarket Type2,2465.22
12.12,Low Fat,0.1391,Dairy,156.51,1997,Small,Tier 1,Supermarket Type1,1981.05
15.75,Non-Edible,0.0245,Dairy,75.5,2009,Medium,Tier 2,Grocery Store,1510.46
9.94,Regular,0.0622,Canned,140.98,2009,Medium,Tier 1,Supermarket Type1,2044.3
12.38,Non-Edible,0.1633,Fruits and Vegetables,98.68,1997,Medium,Tier 2,Supermarket Type2,1256.24
10.15,Regular,0.0973,Dairy,124.04,1997,High,Tier 2,Supermarket Type1,913.86
10.26,Non-Edible,0.1138,Fruits and Vegetables,171.95,1997,Medium,Tier 1,Supermarket Type2,2765.68
10.76,Low Fat,0.0922,Fruits and Vegetables,193.95,2009,High,Tier 3,Supermarket Type1,2487.76
12.89,Regular,0.0183,Canned,81.09,1997,Medium,Tier 2,Supermarket Type2,1341.35
10.09,Non-Edible,0.0415,Fruits and Vegetables,119.17,1985,High,Tier 1,Grocery Store,2462.7
17.02,Low Fat,0.0947,Snack Foods,89.22,2009,High,Tier 2,Supermarket Type2,1887.1
8.42,Low Fat,0.0497,Snack Foods,73.7,1985,High,Tier 2,Grocery Store,1285.35
11.25,Non-Edible,0.0195,Household,202.35,2004,Small,Tier 3,Supermarket Type2,2716.05
10.24,Regular,0.1703,Canned,230.04,2009,Medium,Tier 2,Grocery Store,2867.21
17.79,Regular,0.1964,Household,111.45,2004,Small,Tier 2,Supermarket Type1,1739.6
12.79,Low Fat,0.1607,Snack Foods,195.28,1997,Medium,Tier 1,Supermarket Type2,2735.3
16.13,Regular,0.1722,Household,227.34,1997,Medium,Tier 1,Supermarket Type1,3851.1
6.06,Regular,0.056,Canned,216.15,2010,Small,Tier 3,Grocery Store,3945.4
13.07,Regular,0.1925,Canned,70.22,1997,High,Tier 2,Supermarket Type2,1146.32
15.56,Low Fat,0.0474,Fruits and Vegetables,240.38,2004,Medium,Tier 2,Supermarket Type2,2185.45
12.33,Non-Edible,0.1908,Dairy,112.87,1997,High,Tier 2,Supermarket Type1,1021.03
16.26,Regular,0.199,Fruits and Vegetables,104.63,2009,Small,Tier 3,Supermarket Type2,2399.82
9.93,Low Fat,0.1452,Canned,43.73,1997,High,Tier 2,Supermarket Type2,1005.17
17.64,Low Fat,0.1964,Snack Foods,136.96,2010,Medium,Tier 1,Supermarket Type1,2135.83
21.2,Non-Edible,0.1182,Snack Foods,53.98,1997,Medium,Tier 3,Supermarket Type2,1012.89
10.55,Regular,0.0593,Fruits and Vegetables,84.68,2004,Medium,Tier 1,Supermarket Type1,646.97
10.22,Regular,0.093,Canned,99.73,2004,Small,Tier 1,Supermarket Type1,2219.16
17.81,Non-Edible,0.1228,Snack Foods,207.94,1997,Medium,Tier 3,Supermarket Type1,2444.25
18.32,Non-Edible,0.0239,Canned,222.61,2004,Small,Tier 1,Supermarket Type1,3509.69
9.91,Low Fat,0.1282,Snack Foods,96.54,2004,High,Tier 2,Supermarket Type1,648.04
10.32,Low Fat,0.1964,Canned,218.91,2010,Medium,Tier 3,Grocery Store,2607.33
10.87,Non-Edible,0.0461,Household,218.59,2009,Medium,Tier 1,Grocery Store,3372.57
6.62,Regular,0.1606,Canned,198.22,2010,Medium,Tier 2,Supermarket Type1,2278.26
8.33,Low Fat,0.1825,Canned,62.27,1985,High,Tier 2,Grocery Store,605.04
7.98,Low Fat,0.1893,Fruits and Vegetables,181.87,2010,Medium,Tier 1,Grocery Store,2219.0
8.93,Regular,0.1924,Household,237.91,1997,Small,Tier 2,Supermarket Type2,2242.85
11.86,Low Fat,0.1091,Dairy,180.16,2009,High,Tier 3,Supermarket Type1,1614.5
12.94,Regular,0.1957,Fruits and Vegetables,102.96,1997,High,Tier 1,Grocery Store,1745.99
18.2,Regular,0.1539,Dairy,140.13,1985,High,Tier 2,Supermarket Type2,1807.29
8.01,Regular,0.0407,Snack Foods,172.06,2009,High,Tier 2,Supermarket Type2,2598.17
15.94,Non-Edible,0.1006,Dairy,142.33,2004,High,Tier 1,Supermarket Type1,2597.12
11.14,Non-Edible,0.1465,Canned,56.39,2010,Small,Tier 1,Supermarket Type1,1428.56
11.8,Non-Edible,0.057,Dairy,98.65,1997,High,Tier 1,Supermarket Type2,634.81
14.7,Regular,0.1317,Fruits and Vegetables,206.53,1985,Medium,Tier 1,Supermarket Type1,2398.27
7.51,Regular,0.1367,Fruits and Vegetables,219.51,2004,High,Tier 3,Supermarket Type1,2975.92
13.53,Non-Edible,0.0409,Dairy,60.21,2010,High,Tier 1,Supermarket Type2,1320.97
12.67,Low Fat,0.1174,Fruits and Vegetables,239.53,2004,High,Tier 3,Supermarket Type2,4229.64
13.97,Regular,0.1566,Fruits and Vegetables,102.34,2010,High,Tier 3,Supermarket Type1,994.12
13.16,Low Fat,0.1048,Dairy,175.71,2009,High,Tier 1,Grocery Store,2945.96
21.82,Low Fat,0.0123,Household,195.4,2004,Small,Tier 3,Supermarket Type1,3108.2
9.45,Regular,0.0117,Household,208.63,2004,Small,Tier 1,Grocery Store,1932.61
9.88,Regular,0.0778,Snack Foods,238.06,2004,High,Tier 1,Supermarket Type2,2778.64
9.51,Low Fat,0.186,Fruits and Vegetables,98.84,2009,Small,Tier 2,Grocery Store,1388.91
9.78,Low Fat,0.0534,Dairy,218.87,1985,Medium,Tier 1,Supermarket Type2,1990.97
9.45,Non-Edible,0.1305,Fruits and Vegetables,58.97,2010,High,Tier 2,Supermarket Type1,-205.62
16.76,Non-Edible,0.0522,Canned,185.11,2004,Medium,Tier 3,Supermarket Type1,1742.91
17.68,Regular,0.0711,Fruits and Vegetables,193.24,2009,Medium,Tier 2,Supermarket Type2,2856.61
9.72,Non-Edible,0.1711,Fruits and Vegetables,179.1,1985,High,Tier 3,Supermarket Type2,2002.5
8.67,Non-Edible,0.1485,Household,85.51,2010,Medium,Tier 1,Supermarket Type2,802.25
13.89,Non-Edible,0.0281,Dairy,222.07,2009,Medium,Tier 3,Supermarket Type1,2723.59
9.79,Non-Edible,0.0915,Fruits and Vegetables,67.15,2010,Medium,Tier 3,Supermarket Type1,265.84
14.53,Low Fat,0.0155,Household,41.8,2004,High,Tier 1,Grocery Store,646.55
12.81,Regular,0.1014,Snack Foods,187.84,1985,High,Tier 3,Supermarket Type2,1591.86
5.94,Non-Edible,0.1359,Household,134.6,2009,Medium,Tier 1,Grocery Store,2237.25
18.19,Low Fat,0.0325,Household,216.8,1985,High,Tier 2,Supermarket Type1,3909.15
19.18,Low Fat,0.0649,Household,114.35,2004,High,Tier 1,Grocery Store,659.94
9.55,Low Fat,0.0856,Fruits and Vegetables,67.02,1985,Medium,Tier 1,Grocery Store,741.28
10.45,Non-Edible,0.1847,Fruits and Vegetables,214.02,1985,High,Tier 3,Supermarket Type1,2469.26
13.14,Non-Edible,0.1987,Snack Foods,150.76,1997,Small,Tier 2,Supermarket Type1,1879.69
13.34,Regular,0.0185,Canned,71.62,1985,High,Tier 1,Supermarket Type2,1700.01
14.63,Non-Edible,0.1546,Canned,188.48,2010,Small,Tier 2,Grocery Store,2271.91
20.04,Non-Edible,0.0806,Canned,142.45,2009,Medium,Tier 2,Supermarket Type1,2124.49
11.29,Low Fat,0.0846,Snack Foods,162.95,1997,High,Tier 3,Supermarket Type1,3668.14
8.81,Regular,0.1533,Canned,131.4,2009,Medium,Tier 1,Grocery Store,1608.24
6.48,Non-Edible,0.1845,Canned,212.32,2009,Medium,Tier 3,Supermarket Type1,3428.43
9.08,Non-Edible,0.1907,Household,212.5,2004,Medium,Tier 1,Supermarket Type2,2861.49
11.87,Low Fat,0.1197,Fruits and Vegetables,186.07,2004,Medium,Tier 2,Supermarket Type2,2160.57
19.18,Low Fat,0.0779,Fruits and Vegetables,53.19,1997,Medium,Tier 1,Grocery Store,712.95
9.93,Non-Edible,0.1596,Household,214.55,2004,High,Tier 1,Supermarket Type2,2685.27
12.9,Regular,0.0577,Household,177.62,2004,Small,Tier 2,Supermarket Type1,1861.83
11.93,Regular,0.1172,Household,183.35,2004,High,Tier 2,Supermarket Type1,1976.82
16.75,Low Fat,0.0781,Fruits and Vegetables,109.86,2009,High,Tier 1,Supermarket Type1,1479.47
22.11,Low Fat,0.1348,Canned,223.44,1997,High,Tier 3,Supermarket Type1,3291.69
9.88,Non-Edible,0.0557,Household,189.58,2009,High,Tier 1,Grocery Store,3403.72
10.04,Low Fat,0.0464,Snack Foods,54.77,2010,Small,Tier 2,Supermarket Type2,638.07
16.18,Non-Edible,0.1845,Household,119.71,2009,High,Tier 3,Supermarket Type2,1918.83
14.73,Regular,0.0293,Dairy,225.0,2010,Medium,Tier 2,Supermarket Type1,2258.9
19.39,Regular,0.1061,Household,40.38,1985,High,Tier 2,Grocery Store,1426.56
14.34,Non-Edible,0.052,Fruits and Vegetables,241.51,1985,High,Tier 3,Supermarket Type1,2377.79
10.56,Low Fat,0.0174,Household,179.42,2010,Small,Tier 2,Supermarket Type1,2823.95
14.36,Regular,0.0168,Dairy,168.9,2010,Small,Tier 2,Grocery Store,2359.34
16.43,Low Fat,0.0433,Snack Foods,89.52,2009,Medium,Tier 2,Grocery Store,1411.97
15.28,Regular,0.1747,Canned,84.73,2010,High,Tier 2,Supermarket Type1,1102.46
14.03,Non-Edible,0.0637,Household,237.25,1997,High,Tier 2,Supermarket Type2,2516.74
16.27,Non-Edible,0.1906,Dairy,95.62,1985,High,Tier 2,Supermarket Type1,770.08
16.68,Non-Edible,0.1205,Dairy,200.61,1985,Medium,Tier 2,Supermarket Type2,3158.05
17.53,Regular,0.093,Snack Foods,116.49,2010,Small,Tier 2,Supermarket Type2,1782.69
14.59,Low Fat,0.1202,Fruits and Vegetables,60.64,2004,Medium,Tier 2,Grocery Store,844.79
11.33,Low Fat,0.1082,Household,32.36,2004,High,Tier 1,Grocery Store,804.86
12.59,Low Fat,0.1542,Dairy,149.74,2010,Small,Tier 1,Supermarket Type1,2035.16
16.83,Regular,0.0637,Snack Foods,244.67,1997,Small,Tier 2,Supermarket Type2,2934.8
8.73,Regular,0.0771,Canned,111.21,2004,Medium,Tier 1,Supermarket Type2,2725.27
13.47,Regular,0.1799,Dairy,108.58,2010,Small,Tier 3,Supermarket Type1,1856.85
10.43,Regular,0.1898,Snack Foods,105.7,1997,Small,Tier 1,Supermarket Type1,1424.5
12.11,Regular,0.1796,Fruits and Vegetables,144.52,1997,High,Tier 2,Supermarket Type1,1626.65
17.11,Low Fat,0.0897,Fruits and Vegetables,126.95,2009,High,Tier 2,Grocery Store,2371.21
12.76,Regular,0.1583,Dairy,223.58,1997,Small,Tier 1,Supermarket Type1,2480.52
12.19,Regular,0.1005,Dairy,141.21,2004,Small,Tier 2,Supermarket Type1,1488.93
6.56,Low Fat,0.1045,Household,141.71,2004,Medium,Tier 3,Supermarket Type2,2623.63
14.99,Regular,0.0489,Snack Foods,60.44,2010,Medium,Tier 3,Supermarket Type1,1093.44
14.58,Low Fat,0.1223,Dairy,246.2,2010,Small,Tier 2,Supermarket Type2,2849.53
20.65,Low Fat,0.0454,Household,84.99,1997,High,Tier 3,Supermarket Type2,1530.81
10.77,Non-Edible,0.073,Household,46.14,1985,Small,Tier 3,Grocery Store,1194.53
12.88,Non-Edible,0.1725,Dairy,175.89,2009,Small,Tier 1,Supermarket Type1,2599.52
13.0,Non-Edible,0.0493,Fruits and Vegetables,160.98,1985,High,Tier 3,Supermarket Type1,2722.83
18.31,Non-Edible,0.0235,Snack Foods,121.33,1997,High,Tier 1,Supermarket Type2,1300.5
11.62,Regular,0.0231,Snack Foods,122.88,1997,Medium,Tier 2,Grocery Store,2240.84
13.12,Non-Edible,0.1887,Fruits and Vegetables,202.71,1985,Medium,Tier 1,Grocery Store,2512.59
14.43,Low Fat,0.1063,Dairy,73.06,2009,Medium,Tier 2,Supermarket Type1,1202.35
12.75,Regular,0.0878,Snack Foods,210.46,1985,Medium,Tier 2,Supermarket Type2,3391.26
10.21,Non-Edible,0.1641,Dairy,172.72,2010,High,Tier 2,Supermarket Type1,2539.4
12.78,Low Fat,0.1688,Dairy,122.17,2004,Small,Tier 2,Supermarket Type1,1818.42
16.29,Regular,0.0731,Household,130.77,2010,Medium,Tier 2,Supermarket Type1,943.61
7.89,Regular,0.1418,Fruits and Vegetables,86.46,2004,Medium,Tier 1,Supermarket Type1,1086.86
12.53,Non-Edible,0.1565,Dairy,195.47,1997,High,Tier 2,Supermarket Type2,2139.07
9.2,Regular,0.1344,Canned,142.83,2009,High,Tier 3,Grocery Store,2186.36
16.78,Low Fat,0.0388,Fruits and Vegetables,100.59,1985,Small,Tier 3,Supermarket Type1,2114.93
5.91,Regular,0.1764,Snack Foods,161.13,2009,Small,Tier 2,Supermarket Type1,1770.66
9.76,Low Fat,0.1124,Household,249.06,1985,High,Tier 3,Supermarket Type1,2813.72
13.51,Regular,0.0637,Snack Foods,125.76,2010,Medium,Tier 1,Supermarket Type1,2588.82
18.26,Non-Edible,0.0908,Snack Foods,232.55,2010,Medium,Tier 1,Grocery Store,2894.68
11.74,Low Fat,0.0171,Fruits and Vegetables,105.9,1985,Medium,Tier 2,Grocery Store,973.67
9.78,Regular,0.0343,Snack Foods,42.04,2009,Small,Tier 2,Grocery Store,316.06
19.52,Regular,0.1555,Dairy,74.93,1985,Medium,Tier 2,Grocery Store,989.12
6.21,Regular,0.01,Snack Foods,122.11,1997,Medium,Tier 3,Supermarket Type1,1195.4
3.2,Low Fat,0.0891,Household,78.32,2010,High,Tier 3,Supermarket Type2,1362.11
13.76,Low Fat,0.1093,Household,30.05,1997,Medium,Tier 1,Grocery Store,-480.03
9.99,Low Fat,0.0204,Canned,231.3,2010,High,Tier 3,Grocery Store,2590.17
7.92,Non-Edible,0.1949,Household,215.65,2010,Medium,Tier 1,Supermarket Type1,2589.61
14.83,Non-Edible,0.053,Snack Foods,193.3,2004,Small,Tier 3,Supermarket Type1,2775.12
12.98,Low Fat,0.0678,Household,66.92,1997,Medium,Tier 1,Supermarket Type1,1929.67
9.74,Regular,0.0677,Fruits and Vegetables,56.48,1997,Medium,Tier 2,Supermarket Type1,1644.48
6.88,Non-Edible,0.0538,Household,44.87,2004,High,Tier 3,Supermarket Type2,-130.58
15.49,Low Fat,0.0103,Dairy,189.29,2009,High,Tier 1,Supermarket Type2,1727.94
14.6,Regular,0.1486,Fruits and Vegetables,234.34,1997,High,Tier 3,Grocery Store,3075.07
11.6,Non-Edible,0.1937,Canned,124.72,1985,Medium,Tier 2,Supermarket Type2,1280.7
19.39,Regular,0.0526,Dairy,56.21,2004,Medium,Tier 1,Grocery Store,544.57
7.72,Regular,0.136,Snack Foods,142.73,1997,Small,Tier 3,Grocery Store,1796.7
5.9,Regular,0.151,Snack Foods,106.74,2009,Medium,Tier 3,Supermarket Type2,1407.05
9.23,Regular,0.1712,Snack Foods,112.46,1997,Small,Tier 2,Grocery Store,1009.56
11.82,Non-Edible,0.0903,Dairy,166.69,2010,High,Tier 2,Supermarket Type1,1920.02
12.97,Non-Edible,0.0676,Dairy,188.12,1985,High,Tier 1,Grocery Store,2162.47
11.04,Non-Edible,0.0718,Dairy,54.33,2004,High,Tier 3,Supermarket Type1,670.72
13.41,Low Fat,0.1454,Fruits and Vegetables,37.83,2010,Small,Tier 3,Supermarket Type2,937.94
6.99,Non-Edible,0.1652,Fruits and Vegetables,248.75,2009,Medium,Tier 2,Supermarket Type2,2478.02
17.78,Regular,0.0445,Snack Foods,81.2,2010,High,Tier 2,Grocery Store,1086.48
11.67,Non-Edible,0.0805,Household,41.84,2010,Medium,Tier 1,Supermarket Type1,534.46
16.47,Regular,0.1814,Snack Foods,71.77,2009,Medium,Tier 3,Grocery Store,1118.09
13.37,Low Fat,0.1633,Canned,38.57,2010,High,Tier 3,Supermarket Type2,795.16
13.83,Regular,0.1971,Fruits and Vegetables,116.2,2004,Small,Tier 1,Grocery Store,2591.77
14.28,Regular,0.1533,Dairy,206.53,1997,Medium,Tier 1,Grocery Store,3000.47
13.79,Regular,0.0847,Fruits and Vegetables,105.07,2010,High,Tier 2,Supermarket Type1,1845.88
14.57,Low Fat,0.1222,Dairy,127.72,2004,Medium,Tier 2,Supermarket Type2,1670.68
17.32,Non-Edible,0.1356,Canned,178.63,1997,Medium,Tier 1,Grocery Store,1987.05
12.79,Non-Edible,0.0249,Canned,141.96,1997,Medium,Tier 1,Supermarket Type1,1761.32
14.84,Low Fat,0.1135,Fruits and Vegetables,219.52,2010,Medium,Tier 3,Grocery Store,2570.41
11.64,Regular,0.1448,Dairy,220.53,2004,Medium,Tier 1,Supermarket Type1,3017.37
17.76,Non-Edible,0.0418,Canned,32.18,2010,Small,Tier 1,Supermarket Type1,-7.08
9.29,Low Fat,0.1583,Snack Foods,201.17,2009,Small,Tier 3,Grocery Store,2808.28
19.2,Non-Edible,0.1209,Snack Foods,131.36,1997,High,Tier 1,Supermarket Type2,1913.76
11.84,Low Fat,0.1909,Dairy,247.54,2010,Small,Tier 2,Supermarket Type2,3472.48
6.28,Regular,0.0181,Fruits and Vegetables,136.31,1997,Small,Tier 2,Supermarket Type1,1428.92
12.51,Non-Edible,0.0604,Canned,247.12,2004,Small,Tier 3,Supermarket Type2,2798.4
9.28,Low Fat,0.1243,Fruits and Vegetables,196.01,1985,Medium,Tier 1,Supermarket Type1,2280.27
15.36,Non-Edible,0.0663,Snack Foods,84.69,2010,Medium,Tier 2,Supermarket Type2,1147.31
9.39,Non-Edible,0.1457,Canned,148.45,2010,High,Tier 2,Grocery Store,2295.46
10.22,Non-Edible,0.1542,Fruits and Vegetables,248.27,1997,High,Tier 2,Supermarket Type2,3506.58
4.44,Non-Edible,0.0295,Household,218.66,2004,High,Tier 2,Supermarket Type1,3674.88
10.19,Low Fat,0.1076,Dairy,51.42,2009,Medium,Tier 1,Supermarket Type1,535.24
2.3,Regular,0.1067,Dairy,185.4,2004,Small,Tier 1,Supermarket Type2,513.83
5.66,Low Fat,0.0802,Household,106.03,2010,Small,Tier 1,Grocery Store,1142.85
15.04,Low Fat,0.1873,Snack Foods,31.54,2009,Medium,Tier 1,Supermarket Type1,708.28
15.14,Low Fat,0.1672,Canned,118.77,2004,High,Tier 2,Supermarket Type1,2023.63
13.7,Regular,0.1425,Dairy,81.65,1985,High,Tier 3,Supermarket Type1,1357.44
8.13,Non-Edible,0.1457,Household,210.15,1997,High,Tier 3,Supermarket Type1,2353.76
11.81,Non-Edible,0.0977,Household,104.21,2004,Medium,Tier 2,Supermarket Type1,2328.93
11.99,Non-Edible,0.185,Snack Foods,212.06,2004,High,Tier 2,Grocery Store,2171.49
7.37,Regular,0.142,Snack Foods,30.13,1985,High,Tier 3,Supermarket Type2,279.77
18.01,Non-Edible,0.1485,Fruits and Vegetables,97.72,2010,Medium,Tier 3,Grocery Store,967.97
15.51,Regular,0.1737,Dairy,83.06,1997,Small,Tier 2,Grocery Store,1249.39
11.12,Non-Edible,0.0621,Fruits and Vegetables,81.38,2004,Medium,Tier 2,Supermarket Type1,2008.61
12.11,Non-Edible,0.1633,Household,45.0,2009,Medium,Tier 1,Grocery Store,630.61
12.83,Low Fat,0.0471,Canned,71.17,2004,Medium,Tier 1,Supermarket Type1,1084.25
3.83,Regular,0.0756,Canned,152.22,1997,Medium,Tier 3,Grocery Store,1011.81
11.01,Low Fat,0.0738,Snack Foods,94.1,2004,Small,Tier 2,Supermarket Type1,1209.19
9.27,Low Fat,0.1959,Canned,121.83,1985,High,Tier 3,Supermarket Type1,2093.51
7.99,Low Fat,0.1727,Canned,112.91,2004,Medium,Tier 1,Grocery Store,1274.83
10.88,Regular,0.1432,Canned,222.7,2004,Small,Tier 1,Grocery Store,2669.87
19.19,Regular,0.1481,Household,229.17,2009,High,Tier 3,Supermarket Type2,3675.86
14.56,Non-Edible,0.1168,Canned,138.45,1985,High,Tier 1,Supermarket Type2,1781.58
9.72,Low Fat,0.1899,Canned,102.63,1985,High,Tier 2,Supermarket Type2,1951.01
14.29,Non-Edible,0.1043,Canned,53.5,2004,Medium,Tier 3,Grocery Store,278.16
